parent_company,tCO2e_2023_attributed
US GOVERNMENT,41576701
CLEVELAND-CLIFFS INC,27412158
KOCH INDUSTRIES INC,22306708
BASIN ELECTRIC POWER COOPERATIVE,21273742
US STEEL CORP,19834785
LIGHTSTONE GENERATION LLC,19136181
ENERGY TRANSFER LP,18774738
HILCORP ENERGY CO,16045034
SALT RIVER PROJECT AGRICULTURAL IMPROVEMENT & POWER DISTRICT,15899100
ASSOCIATED ELECTRIC COOPERATIVE INC,15571682
SOUTH CAROLINA PUBLIC SERVICE AUTHORITY,14096573
JACKSONVILLE ELECTRIC AUTHORITY,12645358
ENTERPRISE PRODUCTS PARTNERS LP,11823736
PRAIRIE STATE ENERGY CAMPUS MANAGEMENT CO,11456295
BP AMERICA INC,11173310
HOLCIM PARTICIPATIONS (US) INC,11043419
"LS Power Development, LLC",10829542
PBF ENERGY INC,10756377
CPS ENERGY,10609733
TALEN ENERGY CORP,10479098
ARCLIGHT ENERGY PARTNERS FUND VII LP,10185497
OGLETHORPE POWER CORP,10016297
THE WILLIAMS COS INC,9935645
CHENIERE ENERGY INC,9730828
BUCKEYE POWER INC,9421840
CLECO CORPORATE HOLDINGS LLC,8612058
LOWER COLORADO RIVER AUTHORITY,8428182
NEBRASKA PUBLIC POWER DISTRICT,8317520
TRI-STATE GENERATION & TRANSMISSION ASSOC INC,8262406
EAST KENTUCKY POWER COOPERATIVE INC,8165153
PUERTO RICO ELECTRIC POWER AUTHORITY,8138546
SHELL PETROLEUM INC,8135724
PUGET HOLDINGS LLC,7850966
PDV AMERICA INC,7818236
OGE ENERGY CORP,7795024
OMAHA PUBLIC POWER DISTRICT,7767450
REMC ASSETS LP,7716347
TECO ENERGY INC,7664304
UNS ENERGY CORP,7317024
SEMINOLE ELECTRIC COOPERATIVE INC,6972461
ARKANSAS ELECTRIC COOPERATIVE CORP,6779310
CONSOL ENERGY INC,6531800
FORMOSA PLASTICS CORP USA,6434339
AMERICAN AIR LIQUIDE HOLDINGS INC,6298755
AMERICAN CONSOLIDATED NATURAL RESOURCES INC,6291583
PORTLAND GENERAL ELECTRIC CO,6253145
ARAMCO SERVICES CO,6146683
HALLADOR ENERGY CO,5964330
Eastman Chemical Co,5899994
INVENERGY LLC,5822258
RC LONESTAR INC,5594428
LS POWER EQUITY PARTNERS LP,5544937
EAGLE MATERIALS INC,5508638
LHOIST NORTH AMERICA INC,5453861
ALCOA CORP,5420540
CEMEX INC,5392570
TRANSCANADA PIPELINE USA LTD,5363409
MINNKOTA POWER COOPERATIVE INC,4993025
IDACORP INC,4954743
ARCLIGHT CAPITAL HOLDINGS LLC,4920419
EDGEWATER GENERATION HOLDINGS LLC,4851172
ALLETE INC,4834096
HF SINCLAIR CORP,4778890
ENLINK MIDSTREAM LLC,4708760
Nutrien US Topco LLC,4674817
MPLX LP,4674184
CRH AMERICAS INC,4652546
MIDLAND COGENERATION VENTURE LP,4609330
"Omnis Pleasants, LLC",4583460
TRANSALTA USA INC,4536949
COVANTA HOLDING CORP,4508537
HAWAIIAN ELECTRIC INDUSTRIES INC,4498202
Intermountain Power Agency,4427131
COOPERATIVE ENERGY A MISSISSIPPI ELECTRIC COOPERATIVE,4326837
ARGO INFRASTRUCTURE PARTNERS LP,4318034
BLACK HILLS CORP,4303753
HEIDELBERG MATERIALS US CEMENT LLC,4172792
CARMEUSE LIME INC,4125700
WESTERN MIDSTREAM PARTNERS LP,4060036
BASF CORP,4054837
WESTLAKE CHEMICAL CORP,4018254
AUSTIN ENERGY CORP,4004065
ORLANDO UTILITIES COMMISSION (INC),3984276
WASTE CONNECTIONS US INC,3935917
DESERET GENERATION & TRANSMISSION COOPERATIVE,3779476
PIONEER NATURAL RESOURCES CO,3755722
GRAYMONT INC,3712853
NATIONAL GRID USA,3657801
Enbridge (US) Inc,3589155
TAIHEIYO CEMENT USA INC,3570394
LONGVIEW INTERMEDIATE HOLDINGS C LLC,3499945
ASCEND PERFORMANCE MATERIALS HOLDINGS INC,3486017
CVR ENERGY INC,3449342
HBM HOLDINGS CO,3447945
DELAWARE CITY REFINING CO LLC,3416063
INEOS USA LLC,3342380
BIG RIVERS ELECTRIC CORP,3335035
ARGOS USA LLC,3330955
DEER PARK REFINING LP,3230829
POWERSOUTH ENERGY COOPERATIVE,3228497
GENERATION HOLDINGS LP,3176090
ASTORIA PROJECT PARTNERS LLC,3136190
SUNCOKE ENERGY INC,3105494
CARLYLE GROUP MANAGEMENT LLC,3064921
SOUTH FIELD ENERGY LLC,2971407
Guernsey Power Station LLC,2936098
HUMMEL STATION LLC,2909103
EIF CHANNELVIEW COGENERATION LLC,2890021
EL PASO ELECTRIC CO,2866145
DIVERSIFIED GAS & OIL CORP,2841633
VENTURE GLOBAL LNG INC,2837472
ARCH RESOURCES INC,2825572
WESTLAKE CORP,2812812
TENASKA INC,2792383
PNM RESOURCES INC,2778989
GRAND RIVER DAM AUTHORITY,2721427
DELEK US HOLDINGS INC,2699377
OSAKA GAS USA CORP,2684129
MUNICIPAL ELECTRIC AUTHORITY OF GEORGIA,2681872
MAJOR OAK POWER LLC,2678550
POET LLC,2658695
INDECK NILES LLC,2628297
CITY OF LOS ANGELES CALIFORNIA,2593172
PACIFIC GAS & ELECTRIC CO,2583200
CARGILL INC,2579460
MARATHON OIL CORP,2541777
MOXIE FREEDOM LLC,2530181
CHS INC,2527723
CONTINENTAL RESOURCES INC,2485239
AVISTA CORP,2469691
GFL ENVIRONMENTAL HOLDINGS (US) INC,2448474
NORTHWESTERN CORP,2423471
HICKORY RUN ENERGY LLC,2419495
TENASKA PENNSYLVANIA PARTNERS LLC,2416499
OTTER TAIL CORP,2378537
OREGON CLEAN ENERGY CENTER,2368019
CALIFORNIA RESOURCES CORP,2351246
FLORIDA MUNICIPAL POWER AGENCY,2341526
TOTAL HOLDINGS USA INC,2338667
THE CHEMOURS CO,2317629
GCC OF AMERICA INC,2290078
ALLIANCE HOLDINGS GP LP,2276424
CLEAN ENERGY FUTURES - LORDSTOWN LLC,2268187
HAMILTON LIBERTY LLC,2267853
MIDDLE RIVER POWER LLC,2233806
WHEELABRATOR TECHNOLOGIES HOLDINGS INC,2224527
EAGLECLAW MIDSTREAM SERVICES LLC,2212411
"Sandy Creek Energy Associates, LP",2209326
KIOWA POWER PARTNERS LLC,2201473
CARROLL COUNTY ENERGY LLC,2192382
CENTENNIAL RESOURCE DEVELOPMENT INC,2187407
ODYSSEY ENERGY ALTURA COGEN LLC,2163678
HARVEST PIPELINE CO,2143504
INDORAMA VENTURES USA HOLDINGS LP,2122160
GENESIS ENERGY LP,2091867
PLATTE RIVER POWER AUTHORITY,2088076
OLD DOMINION ELECTRIC COOPERATIVE,2081716
CITY UTILITIES OF SPRINGFIELD MISSOURI,2079461
CPV POWER HOLDINGS LP,2063519
COLORADO SPRINGS UTILITIES,2022429
GOLDEN SPREAD ELECTRIC COOPERATIVE INC,2020429
VICINITY ENERGY INC,2014034
LIBERTY UTILITIES CO,2008023
ANTERO MIDSTREAM LLC,1997300
CRICKET VALLEY ENERGY CENTER LLC,1968352
PLATINUM EQUITY LLC,1953011
WESTERN MINNESOTA MUNICIPAL POWER AGENCY,1939957
CAERUS OIL & GAS LLC,1924985
DAIRYLAND POWER COOPERATIVE,1920541
PLUM POINT ENERGY ASSOCIATES LLC,1919433
SABIC US HOLDINGS LP,1907812
HOLLYFRONTIER PUGET SOUND REFINING LLC,1900999
TITAN AMERICA LLC,1877969
LINCOLN ELECTRIC SYSTEM,1863628
CIVITAS RESOURCES INC,1842782
OVINTIV INC,1831810
LOUISIANA GENERATING LLC,1811263
AMERICAN CRYSTAL SUGAR CO,1807213
SAN MIGUEL ELECTRIC COOPERATIVE INC,1802760
TEXGEN POWER LLC,1801739
NEW YORK POWER AUTHORITY,1787545
SACRAMENTO MUNICIPAL UTILITY DISTRICT FINANCING AUTHORITY,1786495
SUNFLOWER ELECTRIC POWER CORP,1779962
CELANESE CORP,1710686
RUMPKE CONSOLIDATED COS INC,1691066
DT Midstream INC,1686277
HANSON LEHIGH INC,1675186
TENASKA FRONTIER PARTNERS LTD,1662556
ARES CAPITAL CORP,1655660
IRON SENERGY HOLDING LLC,1649110
PAR PACIFIC HOLDINGS INC,1644604
SCOUT ENERGY MANAGEMENT LLC,1624028
LSB INDUSTRIES INC,1623983
LEA POWER PARTNERS LLC,1600257
"Reorganized Heritage TopCo, LLC",1589532
CPV VALLEY LLC,1589336
NATIONAL CEMENT CO INC,1578846
MGE ENERGY INC,1573127
MDU RESOURCES GROUP INC,1562303
SOUTHWEST GENERATION OPERATING CO LLC,1539551
"Tata Chemicals Soda Ash Partners, LLC",1537521
SOUTHERN CALIFORNIA PUBLIC POWER AUTHORITY,1534873
PANDA TEMPLE POWER II LLC,1532277
TEMPLE GENERATION I LLC,1532277
SUMMIT MATERIALS INC,1521750
GRAPHIC PACKAGING HOLDING CO,1518256
J-POWER USA DEVELOPMENT CO LTD,1510025
ONWARD ENERGY LLC,1504626
GIP Pilot Acquisition Partners LP,1499592
BKV CORP,1490323
OLIN CORP,1486064
ENDEAVOR ENERGY RESOURCES LP,1467665
SIKESTON BOARD OF MUNICIPAL UTILITIES,1466563
SASOL USA CORP,1462668
ARIZONA ELECTRIC POWER COOPERATIVE INC,1458175
HESS CORP,1458122
AVANGRID INC,1447704
ADVANSIX INC,1447651
ABATIS HILL TOP HOLDING LLC,1441168
DOMTAR CORP,1438125
DYNO NOBEL,1434652
ECOELECTRICA LP,1431256
KARNAVATI HOLDINGS INC,1429568
VOTORANTIM CIMENTOS NORTH AMERICA INC,1425742
GIANT CEMENT HOLDING INC,1421610
EAST TEXAS ELECTRIC COOPERATIVE INC,1411686
JERA POWER LINDEN LLC,1406043
EQUITRANS MIDSTREAM CORP,1401073
OSAKA GAS ENERGY AMERICA CORP,1398186
ARLINGTON VALLEY LLC,1386239
HATFIELD METALLURGICAL INTERMEDIATE HOLDINGS LLC,1383464
WESTERN FARMERS ELECTRIC COOPERATIVE,1375173
RHODE ISLAND STATE ENERGY CENTER LP,1361848
COTERRA ENERGY INC,1359407
ALPHA METALLURGICAL RESOURCES INC,1351315
IOWA FERTLIZER CO LLC,1350065
HOLLYFRONTIER CORP,1321638
M6 Midstream LLC,1319249
NEWARK ENERGY CENTER LLC,1306853
GREEN PLAINS INC,1301352
WABASH VALLEY POWER ASSOC,1301178
"J-Power USA Investment Co, Ltd",1299717
CITY OF TALLAHASSEE FLORIDA,1298558
SOLVAY HOLDING INC,1295462
HUNT CRUDE OIL SUPPLY CO LLC,1287363
LINDE GAS NORTH AMERICA LLC,1286746
CORONADO GROUP LLC,1280556
AMERICAN MUNICIPAL POWER INC,1277562
INTEGRYS ENERGY GROUP INC,1270810
CPPIB Vedder US Holdings LLC,1254044
ASH GROVE CEMENT CO,1252026
"Gulf Energy USA, LLC",1248748
FLYWHEEL ENERGY LLC,1243869
Lotus Infrastructure Partners,1242267
JERA ENERGY AMERICA LLC,1242267
Rayburn Energy Station LLC,1242048
OHIO POWER PARTNERS LLC,1231069
BAYPORT POLYMERS LLC,1229146
RED OAK POWER LLC,1228375
NATIONAL FUEL GAS CO,1223101
EMPIRE ACQUISITION LLC,1219364
WALLEYE POWER LLC,1219133
LIMA REFINING CO,1205035
BERRY CORP (BRY),1181758
MITSUBISHI CEMENT CORP,1178982
FORESIGHT ENERGY LP,1174401
WARRIOR MET COAL INC,1163559
COUNTY OF ORANGE CALIFORNIA,1162216
ENBRIDGE (US) INC,1161070
HOMER CITY GENERATION LP,1154482
BASTROP ENERGY PARTNERS LP,1153440
MEWBOURNE HOLDINGS INC,1142156
BARRICK GOLD OF NORTH AMERICA INC,1133392
SCHUYLKILL ENERGY RESOURCES INC,1133245
HOLCIM PARTICIPATIONS (US) INC - RAVENA PLANT,1120895
SOUTHERN MINNESOTA MUNICIPAL POWER AGENCY,1118923
MISSOURI JOINT MUNICIPAL ELECTRIC UTILITY COMMISSION,1118200
CK TECHNOLOGIES INC,1116000
COLORADO BEND 1 POWER LLC,1112844
SOUTHWESTERN ENERGY CO INC,1106218
STARWOOD CAPITAL GROUP LLC,1098872
IKAV Impact USA Inc,1084661
Hull Street Energy,1082257
ENERGY TRANSITION & ENVIRONMENTAL MANAGEMENT LLC,1076241
TENASKA ALABAMA PARTNERS LP,1069085
PETRO-HUNT LLC,1066308
DOGWOOD POWER MANAGEMENT LLC,1048316
SOUTHERN ILLINOIS POWER COOPERATIVE,1047164
US LIME & MINERALS INC,1033604
MERIT ENERGY CO LLC,1020103
CALUMET SPECIALTY PRODUCTS PARTNERS LP,1019801
POET HOLDING CO LLC,1017410
USG CORP,1015170
KLEEN ENERGY SYSTEMS LLC,1014344
BRIDGEPORT ENERGY LLC,1012876
WTG SOUTH PERMIAN MIDSTREAM LLC,1003995
METHANEX USA LLC,1003452
NORTHERN STAR GENERATION LLC,1002483
SENTINEL PEAK RESOURCES LLC,989861
TALLGRASS DEVELOPMENT LP,987881
