Symbol,2011,2012,2013,2014,2015,2016,2017,2018,2019,2020,2021,2022,2023
ABBV,,,185918.0,183275.0,169719.0,159492.0,148980.0,154504.0,154326.0,128416.0,128081.0,106307.0,99778.0
ABT,241153.0,211857.0,145451.0,147316.0,137004.0,138160.0,117779.0,114189.0,113543.0,111892.0,135898.0,138441.0,134387.0
ADI,41129.0,38264.0,33849.0,37426.0,32999.0,31656.0,34325.0,47633.0,51711.0,45912.0,125756.0,137479.0,117772.0
ADM,12702714.0,12818079.0,12551858.0,12876326.0,12573191.0,12150318.0,12381364.0,12341044.0,12388843.0,11271636.0,11235811.0,11371896.0,10585368.0
AEE,59772190.0,48198587.0,30263992.0,30432531.0,28319299.0,26596742.0,29995758.0,29344948.0,24205850.0,25759240.0,27981535.0,24745347.0,19669523.0
AEP,130836033.0,117147105.0,110527250.0,120646434.0,99681252.0,91232191.0,69479032.0,68393672.0,69631212.0,53891923.0,62188238.0,58534096.0,48790616.0
AES,16717852.0,12224375.0,11023158.0,17138575.0,28744262.0,27788459.0,24767689.0,21083761.0,19580015.0,16833107.0,19500130.0,19517551.0,15564413.0
AIG,,371302.0,289071.0,303486.0,250250.0,215415.0,214067.0,259656.0,,,,,
ALB,325137.0,311311.0,298212.0,277006.0,261045.0,232909.0,237790.0,239550.0,242639.0,238652.0,230764.0,236979.0,229672.0
AMGN,55163.0,50560.0,50646.0,49618.0,51502.0,49630.0,28149.0,25065.0,35994.0,49617.0,41580.0,36979.0,61780.0
APA,,,,,,,,,,,467892.0,513613.0,287402.0
APD,10956121.0,11117689.0,11750512.0,12402119.0,12466573.0,12310104.0,12445638.0,12523838.0,12683848.0,11606325.0,12455741.0,13342138.0,14072905.0
ARES,,,,,,,,,387175.0,369743.0,1309322.0,1485114.0,1454174.0
ATO,38919.0,73395.0,57193.0,53240.0,49410.0,45016.0,63425.0,65986.0,155733.0,165679.0,135293.0,133304.0,130555.0
AVGO,,,,,,306332.0,201756.0,172334.0,182824.0,139671.0,125323.0,78584.0,34457.0
BA,168592.0,161982.0,164168.0,165640.0,152515.0,161552.0,167443.0,161902.0,174933.0,154943.0,156991.0,158302.0,151145.0
BAX,6574.0,6087.0,6626.0,6025.0,,,,,,,,39606.0,43204.0
BF.B,47727.0,43578.0,47951.0,42791.0,45737.0,42269.0,32373.0,58824.0,57438.0,56994.0,70601.0,94437.0,90073.0
BIIB,,,,,,,,,29570.0,27101.0,29388.0,29755.0,28268.0
BLK,,,,,,,,,,,183815.0,246870.0,187750.0
BMY,123522.0,118048.0,129360.0,125674.0,122001.0,118297.0,121417.0,110217.0,84259.0,83475.0,90193.0,91669.0,95103.0
BRK.B,65791661.0,66518223.0,67167598.0,65932484.0,62340933.0,55552410.0,55950591.0,58815617.0,64849268.0,58636244.0,63891381.0,58427646.0,53362265.0
BX,,,,,,,23085.0,,,,,,
CAT,484401.0,584230.0,586190.0,577771.0,546157.0,519333.0,575199.0,641041.0,596462.0,459261.0,471627.0,479805.0,456902.0
CE,1726313.0,1717021.0,1729730.0,1754834.0,1484524.0,1541784.0,1475927.0,1549686.0,2100703.0,1918464.0,1744939.0,1735294.0,1710686.0
CEG,17569754.0,2925478.0,3496430.0,3258761.0,,,,,,,,8247706.0,8941321.0
CF,11587614.0,11830812.0,11874644.0,11081544.0,12585413.0,12534689.0,19126602.0,19032392.0,20066539.0,19602923.0,17961967.0,19793269.0,20579424.0
CMS,18784681.0,18554947.0,19588480.0,19413748.0,21322107.0,16703513.0,16278038.0,16324848.0,16587488.0,14524405.0,17122949.0,17117906.0,16768405.0
CNP,2001043.0,2058127.0,1846577.0,28777.0,30947.0,32986.0,34448.0,35966.0,37416.0,3576041.0,5554111.0,4392544.0,3782803.0
COP,30094421.0,7317065.0,2990273.0,3022526.0,4460382.0,3267575.0,3182879.0,3682851.0,3709589.0,3672845.0,3731294.0,3682258.0,1133100.0
CTVA,,,,,,,,,117617.0,97647.0,93612.0,90619.0,82754.0
CVX,11022380.0,10921836.0,10491802.0,16748415.0,22920410.0,19553171.0,18204180.0,19855925.0,18450349.0,17860981.0,21665740.0,20661791.0,16822711.0
D,42633575.0,37340949.0,34422198.0,34319582.0,35047405.0,37901541.0,31277337.0,26477413.0,33981557.0,34436420.0,32871695.0,31582248.0,28318233.0
DAL,47939.0,386461.0,1357111.0,1403041.0,1438536.0,1398973.0,1355969.0,1230173.0,1501650.0,1179682.0,1381265.0,1313654.0,1256097.0
DE,120702.0,118092.0,135398.0,111224.0,89567.0,73244.0,75590.0,64230.0,63353.0,63014.0,44662.0,52119.0,45076.0
DIS,241366.0,276588.0,252467.0,267351.0,216601.0,259813.0,98637.0,102276.0,107929.0,62788.0,85017.0,100815.0,108270.0
DOW,82203.0,79203.0,81091.0,75453.0,,,,,16409523.0,16885923.0,16949544.0,16471790.0,16644866.0
DTE,37839834.0,36276812.0,37179397.0,34910813.0,34726400.0,30108495.0,30834593.0,33160519.0,29474124.0,22904925.0,28851031.0,27698415.0,23095572.0
DUK,77569556.0,115285577.0,116702958.0,117087370.0,98675441.0,97975824.0,95623546.0,96838255.0,85239756.0,74853823.0,77446810.0,77927573.0,72317601.0
DVN,1349607.0,1053687.0,1091362.0,234057.0,275550.0,228617.0,322202.0,324036.0,170108.0,120478.0,59841.0,39240.0,36538.0
ED,2823319.0,2727574.0,2874055.0,2699064.0,2709559.0,2632140.0,2582571.0,2658288.0,2512922.0,2383907.0,2481022.0,2515564.0,2463231.0
EIX,41204243.0,36817876.0,27398490.0,2464058.0,2275938.0,1942392.0,1629080.0,820934.0,1216417.0,1154108.0,824124.0,1495604.0,1056295.0
EMN,7142673.0,7058432.0,7240751.0,7162528.0,7162584.0,7121105.0,6438911.0,6444444.0,6334831.0,6195163.0,6303702.0,6091692.0,6094463.0
EOG,458204.0,719429.0,744777.0,761676.0,700762.0,410482.0,454963.0,439738.0,470712.0,367609.0,356756.0,345242.0,318788.0
EQT,,43302.0,95724.0,201105.0,390921.0,137748.0,157476.0,,,,,,
ES,,,,,1126684.0,506321.0,,,,,,,
ETR,37603722.0,36291658.0,35374342.0,34597735.0,31793886.0,35940748.0,34360525.0,37560369.0,36081731.0,34568186.0,37038226.0,40143930.0,38030028.0
EVRG,,,,,,,,,26435829.0,23931988.0,26368889.0,27300766.0,23043646.0
EXC,9823709.0,14562794.0,13779205.0,10382863.0,6348519.0,8596084.0,9358836.0,8271164.0,8199428.0,7523241.0,7671040.0,,
EXE,428367.0,,,,,,,,52643.0,5193.0,3877.0,12771.0,
F,675738.0,628686.0,724027.0,763256.0,687730.0,649474.0,617190.0,662691.0,633370.0,481112.0,499182.0,559603.0,497625.0
FCX,685428.0,634440.0,1931173.0,2017217.0,1754955.0,466588.0,393981.0,616132.0,451096.0,429284.0,393890.0,463665.0,468238.0
FE,,,,,,,,,27737733.0,14519279.0,15785374.0,16531457.0,15258136.0
GIS,92566.0,83843.0,85265.0,87228.0,79301.0,63196.0,42747.0,68812.0,69236.0,82545.0,73950.0,79095.0,70689.0
GLW,266167.0,166350.0,148497.0,166851.0,410619.0,215786.0,259206.0,214240.0,210342.0,238983.0,250203.0,217226.0,171577.0
GM,940682.0,915395.0,974583.0,919922.0,804295.0,857986.0,771135.0,696777.0,676789.0,534438.0,544977.0,567992.0,572171.0
GOOG,,,,,,,,,19992.0,22577.0,20966.0,13487.0,15853.0
GS,,,,,,15145.0,16228.0,16647.0,16617.0,14345.0,13325.0,15862.0,15642.0
HAL,,,,,,,,,79442.0,69795.0,63723.0,49752.0,53415.0
HII,83110.0,125807.0,96635.0,78425.0,81129.0,94229.0,55417.0,57500.0,55380.0,58398.0,83062.0,71824.0,49707.0
HON,4991326.0,4494435.0,2321342.0,2169108.0,2168021.0,670274.0,741415.0,867027.0,730011.0,700835.0,690774.0,556759.0,354899.0
HRL,74950.0,77986.0,80218.0,80315.0,79110.0,79725.0,77102.0,50575.0,61277.0,58895.0,65121.0,60619.0,58586.0
HWM,,,,,,,,,,121121.0,111015.0,116969.0,124138.0
IBM,408981.0,368280.0,304247.0,289773.0,,,,,,,,,
IFF,28802.0,29123.0,32072.0,29881.0,38581.0,40356.0,36739.0,38374.0,36254.0,57249.0,247479.0,378029.0,307088.0
INTC,838204.0,794127.0,678408.0,1019457.0,924539.0,877545.0,831698.0,944461.0,779425.0,1025058.0,1188170.0,994835.0,790768.0
IP,7016384.0,7360378.0,6878093.0,6372027.0,6473484.0,6574912.0,5978237.0,5821276.0,5875083.0,6008331.0,5725804.0,5396215.0,5404388.0
ITW,27501.0,12619.0,12696.0,12641.0,12830.0,13475.0,15562.0,9586.0,9104.0,13373.0,12135.0,24990.0,17550.0
JCI,,,40845.0,49359.0,53656.0,60568.0,58363.0,56175.0,,,,,
KHC,,,,,56522.0,36962.0,66328.0,67152.0,46698.0,46745.0,45412.0,,
KKR,,,,,,,,,,,38307.0,33792.0,
KMB,1429580.0,1414431.0,1196755.0,1273036.0,1263421.0,1201415.0,1151631.0,1072980.0,1111952.0,1044956.0,1055658.0,1096578.0,1030421.0
KMI,2562340.0,4148144.0,5299883.0,5885294.0,8751410.0,8280293.0,8206099.0,8210397.0,9143220.0,9047760.0,9311076.0,9208837.0,9624625.0
L,1937843.0,2127695.0,1979328.0,1727968.0,1727193.0,1633135.0,2102815.0,2447203.0,2556853.0,2300628.0,2250922.0,1990747.0,1937140.0
LIN,4105318.0,4571138.0,5520784.0,7213393.0,7286913.0,7214983.0,7758228.0,7245294.0,7192061.0,5259960.0,8001995.0,8392023.0,8787322.0
LLY,151868.0,127194.0,165015.0,158333.0,157184.0,155036.0,152101.0,81534.0,24083.0,23322.0,22455.0,40252.0,47574.0
LMT,92161.0,83186.0,83930.0,81494.0,135388.0,118165.0,96419.0,122635.0,114741.0,114075.0,118085.0,102743.0,95794.0
LNT,18690299.0,17249335.0,17328441.0,16808504.0,16216498.0,13806669.0,15567138.0,16579931.0,13649302.0,11949260.0,15305289.0,13007907.0,12978459.0
LYB,6663152.0,6936514.0,7280309.0,7227609.0,6581928.0,5738439.0,7601967.0,7830313.0,8031833.0,7760790.0,8339428.0,8261408.0,8523906.0
MCHP,90378.0,76208.0,73290.0,87223.0,188281.0,194850.0,476257.0,504024.0,408359.0,329471.0,407320.0,417898.0,472938.0
MDLZ,,24851.0,26662.0,24378.0,22221.0,14450.0,11845.0,13247.0,,,,,
MGM,130888.0,127727.0,133938.0,130349.0,132200.0,134522.0,128443.0,130246.0,138029.0,100926.0,112944.0,113634.0,110103.0
MLM,1176998.0,1178297.0,1537712.0,3984548.0,2694525.0,3858006.0,3729108.0,3763180.0,3939578.0,3928503.0,5198634.0,4635379.0,3999044.0
MMM,1719562.0,1793098.0,2624785.0,1573198.0,1244912.0,1041919.0,1071429.0,1166837.0,1212019.0,1066631.0,1113367.0,1034538.0,1007144.0
MO,198995.0,221465.0,203190.0,120871.0,110806.0,93324.0,91422.0,92515.0,87832.0,76442.0,75328.0,72568.0,66467.0
MOS,1111772.0,2047344.0,1793505.0,1852025.0,1944453.0,1896890.0,1385915.0,1642217.0,1255351.0,1493001.0,1342939.0,1345899.0,1584500.0
MPC,9725254.0,9698585.0,17065110.0,17161219.0,20228336.0,17345049.0,17338077.0,28727971.0,31734954.0,27202230.0,28048788.0,28994958.0,28608923.0
MRK,444008.0,431078.0,431118.0,404263.0,429138.0,387103.0,379127.0,410727.0,368933.0,365666.0,373975.0,333150.0,365530.0
MS,70049.0,249581.0,175062.0,217066.0,24686.0,,,,,,,,
MU,641023.0,612018.0,611990.0,542526.0,517691.0,552046.0,510001.0,516854.0,649698.0,576747.0,311443.0,325148.0,303884.0
NEE,1856369.0,2354199.0,2235027.0,2473016.0,9282154.0,776773.0,752036.0,1208570.0,43963759.0,41964576.0,40832175.0,41175019.0,42401137.0
NEM,1328665.0,1130937.0,1445098.0,1360037.0,999801.0,990693.0,1085106.0,1155081.0,1114027.0,616731.0,713207.0,679471.0,567759.0
NI,1842432.0,1372459.0,607176.0,519307.0,10923707.0,10789337.0,10563626.0,11616852.0,9246535.0,6332965.0,7225515.0,5429819.0,4456754.0
NOC,,,,,,,,122973.0,112718.0,76084.0,99352.0,102902.0,110192.0
NRG,44512747.0,63122591.0,66500252.0,92919929.0,80000350.0,66011840.0,58530368.0,39287627.0,33406387.0,25194701.0,31352197.0,32415367.0,22461424.0
NSC,60781.0,45536.0,42001.0,41933.0,31505.0,13601.0,15695.0,15368.0,13967.0,12122.0,,,
NUE,3361576.0,3611129.0,3324530.0,3603661.0,4197980.0,5168172.0,5037877.0,5779560.0,5554874.0,5648350.0,5744767.0,5329051.0,5497406.0
NXPI,,,,,374440.0,375317.0,353295.0,350983.0,72079.0,60162.0,70161.0,86401.0,77528.0
ODFL,2877570.0,2461335.0,3237690.0,3286677.0,3591988.0,3539920.0,2255575.0,3619064.0,2627653.0,2317142.0,2445356.0,2183457.0,2081716.0
OKE,,,,28382.0,1804328.0,1576194.0,1743577.0,1970846.0,2173372.0,2032804.0,2035174.0,2430990.0,2511669.0
ON,,,,,,,,,,,,,38434.0
OXY,7771513.0,8191618.0,9342954.0,7889067.0,6445757.0,6437514.0,6669753.0,6369871.0,7913517.0,7534566.0,6740401.0,7920546.0,7889828.0
PCG,,,,,,,,,,2853554.0,2792361.0,250928.0,340080.0
PEG,14356564.0,12328224.0,13486329.0,14072566.0,13647497.0,11720406.0,10786725.0,12444850.0,8597237.0,8589731.0,9027037.0,189.0,146.0
PEP,397632.0,371226.0,375046.0,372253.0,396020.0,416688.0,383474.0,400695.0,404762.0,469218.0,507103.0,467069.0,317943.0
PFE,442594.0,395712.0,408696.0,406481.0,418324.0,258823.0,256341.0,253930.0,252419.0,278089.0,259957.0,258369.0,225796.0
PG,1891878.0,1719845.0,1814753.0,1830133.0,1788569.0,1663377.0,1697265.0,1729524.0,1752006.0,1838618.0,1762281.0,1722791.0,1660556.0
PKG,799329.0,850965.0,853266.0,936390.0,1487615.0,1568782.0,1556405.0,1517340.0,1609840.0,1531539.0,1686485.0,1472355.0,1498344.0
PNC,244231.0,206454.0,299247.0,411961.0,74860.0,,,,,,,,
PNW,7553596.0,8068801.0,7460452.0,7336161.0,6350074.0,4473133.0,5642887.0,5638522.0,12619646.0,11221595.0,11392854.0,12675519.0,10537824.0
PPG,3814399.0,3811443.0,871240.0,865025.0,792193.0,276467.0,161061.0,136938.0,145590.0,91903.0,101330.0,109909.0,198603.0
PPL,6055967.0,5792148.0,6158493.0,5993764.0,,,,,28455341.0,26909049.0,28314376.0,28754131.0,26771409.0
PSX,101338.0,20769447.0,25921225.0,27391565.0,27830177.0,29544273.0,28133588.0,28025018.0,29028463.0,24716855.0,26946066.0,24921502.0,27912481.0
QCOM,27220.0,28774.0,51019.0,58083.0,59835.0,66315.0,62195.0,64572.0,62144.0,62487.0,62334.0,61074.0,48567.0
RSG,14253409.0,13615448.0,10826283.0,11434235.0,11029649.0,10398522.0,10108606.0,9823504.0,10361742.0,10053219.0,10052099.0,10821518.0,10721712.0
RTX,,,,,,,,,,,,,154646.0
SJM,24803.0,23772.0,24957.0,25380.0,26479.0,24087.0,22487.0,23007.0,23912.0,23381.0,24395.0,22251.0,
SO,120740427.0,99914815.0,102760242.0,112397884.0,103987023.0,100456801.0,100096839.0,99218827.0,87074181.0,75263992.0,81653411.0,83497144.0,76256538.0
SRE,1114030.0,1472000.0,1797542.0,1355209.0,1500121.0,1098981.0,1201674.0,923066.0,2081230.0,4549481.0,4144405.0,4463668.0,3952999.0
STLD,1765445.0,1697083.0,1894988.0,2732390.0,2054524.0,2104091.0,2079554.0,2300475.0,2196250.0,2254623.0,2318877.0,2529051.0,2569897.0
SWKS,43275.0,58021.0,47962.0,43591.0,47851.0,39972.0,44484.0,40508.0,33708.0,32848.0,42201.0,35693.0,24117.0
T,5526.0,3536.0,3795.0,1798.0,1613.0,,,,,,,,
TAP,,,,,,,,,30167.0,411297.0,385290.0,372304.0,377026.0
TDY,109352.0,1065.0,100625.0,100905.0,,,,,,,,,
TMO,,,,,,,,,,25750.0,26942.0,28940.0,28392.0
TRGP,1847687.0,1556342.0,1696364.0,1643251.0,3445979.0,2839391.0,2872621.0,3074758.0,3813175.0,3872843.0,3292064.0,3558243.0,3858294.0
TSLA,,,,,,,,,23613.0,28076.0,40381.0,45631.0,80515.0
TSN,1235095.0,1213496.0,1231539.0,1281666.0,1278782.0,1334648.0,1379920.0,1863859.0,1835360.0,1951980.0,1923291.0,1880822.0,1874907.0
TXN,915267.0,837369.0,847963.0,951216.0,987682.0,1000665.0,1066550.0,1090226.0,967875.0,915417.0,1142554.0,1064891.0,1057774.0
TXT,26840.0,31941.0,32052.0,37346.0,37689.0,34559.0,32510.0,43296.0,66577.0,58038.0,57193.0,59450.0,55580.0
VLO,22939041.0,23339461.0,23451337.0,23376845.0,23161055.0,23688945.0,23229393.0,23888366.0,23485398.0,21664469.0,22924979.0,23182768.0,23517862.0
VMC,475993.0,583183.0,636280.0,,,,,,,,,,
VST,,,,,,,,114272492.0,102761542.0,91782979.0,95510483.0,92454741.0,86320993.0
VTRS,,,,,,,,,,,27448.0,28221.0,26032.0
WEC,,,,1016357.0,28752714.0,26858240.0,26840768.0,23859219.0,19684965.0,17888492.0,19513594.0,17686451.0,17623818.0
WM,23132019.0,24148324.0,21830146.0,18425215.0,17281210.0,15679910.0,15557008.0,15814683.0,16001157.0,16878267.0,15796624.0,14907793.0,14429169.0
WMB,3234857.0,3024736.0,8224131.0,7456010.0,9700042.0,7108872.0,5810611.0,5206208.0,5296358.0,4855334.0,5306854.0,6053622.0,6110019.0
WY,1032015.0,1025293.0,940479.0,858656.0,774237.0,36573.0,34420.0,35634.0,35996.0,33020.0,35530.0,36382.0,41145.0
XEL,46403661.0,51523424.0,50465857.0,51753110.0,51293720.0,48038320.0,45827869.0,46583818.0,42747385.0,35388545.0,38309910.0,37169084.0,35626382.0
XOM,29492673.0,31081288.0,40142536.0,37673088.0,36438613.0,33302767.0,33605839.0,34235501.0,33657733.0,34522412.0,35668257.0,36865392.0,32225458.0
