Symbol,Security,GICS Sector,GICS Sub-Industry,near_term_status,near_term_target_classification,near_term_target_year,net_zero_status,net_zero_year,scope1_2023_t,revenue_2023,ebitda_2023,intensity_t_per_musd,scope1_cagr_5y,ebitda_at_risk_100
MMM,3M,Industrials,Industrial Conglomerates,Targets set,1.5°C,2030,,,1007144.0,24610000000.0,-8702000000.0,40.92417716375457,-0.02900660534024324,-0.011573707193748563
AOS,A. O. Smith,Industrials,Building Products,,,,,,,3852800000.0,823800000.0,,,
ABT,Abbott Laboratories,Health Care,Health Care Equipment,,,,,,134387.0,40109000000.0,,3.3505447655139746,0.03311007742579375,
ABBV,AbbVie,Health Care,Biotechnology,Targets set,1.5°C,2030,,,99778.0,54318000000.0,,1.8369233035089658,-0.0837393968973753,
ACN,Accenture,Information Technology,IT Consulting & Other Services,Targets set,1.5°C,FY2030,Targets set,FY2040,,64111745000.0,10221962000.0,,,
ADBE,Adobe Inc.,Information Technology,Application Software,Targets set,1.5°C,FY2030,Targets set,FY2050,,19409000000.0,7522000000.0,,,
AMD,Advanced Micro Devices,Information Technology,Semiconductors,Targets set,Well-below 2°C,2020,,,,22680000000.0,,,,
AES,AES Corporation,Utilities,Independent Power Producers & Energy Traders,,,,,,15564413.0,12668000000.0,,1228.6401168298073,-0.0588974886461886,
AFL,Aflac,Financials,Life & Health Insurance,,,,,,,18701000000.0,,,,
A,Agilent Technologies,Health Care,Life Sciences Tools & Services,Targets set,1.5°C,FY2030,Targets set,FY2050,,6833000000.0,1621000000.0,,,
APD,Air Products,Materials,Industrial Gases,,,,,,14072905.0,12600000000.0,3852900000.0,1116.8972222222221,0.023597609434733657,0.3652548729528407
ABNB,Airbnb,Consumer Discretionary,"Hotels, Resorts & Cruise Lines",Targets set,1.5°C,2030,,,,9917000000.0,,,,
AKAM,Akamai Technologies,Information Technology,Internet Services & Infrastructure,Commitment removed,,,Commitment removed,,,,1208114000.0,,,
ALB,Albemarle Corporation,Materials,Specialty Chemicals,,,,,,229672.0,9617203000.0,681825000.0,23.881371746026367,-0.008386626217817383,0.03368488981776849
ARE,Alexandria Real Estate Equities,Real Estate,Office REITs,,,,,,,,,,,
ALGN,Align Technology,Health Care,Health Care Supplies,,,,,,,3862260000.0,785739000.0,,,
ALLE,Allegion,Industrials,Building Products,,,,,,,3650800000.0,817400000.0,,,
LNT,Alliant Energy,Utilities,Electric Utilities,,,,,,12978459.0,4027000000.0,1619000000.0,3222.8604420163892,-0.047800208309101255,0.8016342804200124
ALL,Allstate,Financials,Property & Casualty Insurance,,,,,,,57094000000.0,,,,
GOOGL,Alphabet Inc. (Class A),Communication Services,Interactive Media & Services,Targets set,1.5°C,2030,,,,307394000000.0,,,,
GOOG,Alphabet Inc. (Class C),Communication Services,Interactive Media & Services,Targets set,1.5°C,2030,,,15853.0,307394000000.0,,0.05157224929569217,,
MO,Altria,Consumer Staples,Tobacco,Targets set,1.5°C,2030,Targets set,2050,66467.0,24483000000.0,11819000000.0,2.714822529918719,-0.06399367207924289,0.0005623741433285387
AMZN,Amazon,Consumer Discretionary,Broadline Retail,Commitment removed,,,,,,574785000000.0,85515000000.0,,,
AMCR,Amcor,Materials,Paper & Plastic Packaging Products & Materials,Targets set,1.5°C,FY2033,Targets set,FY2050,,10410000000.0,1578000000.0,,,
AEE,Ameren,Utilities,Multi-Utilities,,,,,,19669523.0,7500000000.0,2990000000.0,2622.6030666666666,-0.07689288842428343,0.6578435785953177
AEP,American Electric Power,Utilities,Electric Utilities,,,,,,48790616.0,19456000000.0,6483000000.0,2507.7413651315787,-0.06531757639618463,0.752593182168749
AXP,American Express,Financials,Consumer Finance,Targets set,1.5°C,2033,Targets set,2050,,37218000000.0,,,,
AIG,American International Group,Financials,Multi-line Insurance,,,,,,,27938000000.0,,,,
AMT,American Tower,Real Estate,Telecom Tower REITs,Targets set,Well-below 2°C,2035,,,,747300000.0,6054000000.0,,,
AWK,American Water Works,Utilities,Water Utilities,,,,,,,4217000000.0,2208000000.0,,,
AMP,Ameriprise Financial,Financials,Asset Management & Custody Banks,,,,,,,16096000000.0,,,,
AME,Ametek,Industrials,Electrical Components & Equipment,,,,,,,6596950000.0,,,,
AMGN,Amgen,Health Care,Biotechnology,Targets set,1.5°C,2030,,,61780.0,28190000000.0,11968000000.0,2.1915572898190847,0.1977220335513894,0.0005162098930481283
APH,Amphenol,Information Technology,Electronic Components,,,,,,,12554700000.0,2966000000.0,,,
ADI,Analog Devices,Information Technology,Semiconductors,Targets set,1.5°C,2030,Commitment removed,,117772.0,12305539000.0,,9.57064944493695,0.19846905013396898,
AON,Aon plc,Financials,Insurance Brokers,Targets set,1.5°C,2032,,,,13376000000.0,,,,
APA,APA Corporation,Energy,Oil & Gas Exploration & Production,,,,,,287402.0,,5236000000.0,,,0.005488961038961039
APO,Apollo Global Management,Financials,Asset Management & Custody Banks,,,,,,,32644000000.0,,,,
AAPL,Apple Inc.,Information Technology,"Technology Hardware, Storage & Peripherals",Targets set,1.5°C,FY2030,,,,383285000000.0,125820000000.0,,,
AMAT,Applied Materials,Information Technology,Semiconductor Materials & Equipment,Targets set,1.5°C,FY2030,,,,26517000000.0,,,,
APP,AppLovin,Communication Services,Advertising,,,,,,,1841762000.0,1261419000.0,,,
APTV,Aptiv,Consumer Discretionary,Automotive Parts & Equipment,Targets set,1.5°C,2030,,,,20051000000.0,,,,
ACGL,Arch Capital Group,Financials,Property & Casualty Insurance,,,,,,,13634000000.0,,,,
ADM,Archer Daniels Midland,Consumer Staples,Agricultural Products & Services,Commitment removed,,,,,10585368.0,25691000000.0,,412.0263127165155,-0.030225384396226462,
ARES,Ares Management,Financials,Asset Management & Custody Banks,Targets set,1.5°C,2030,,,1454174.0,3631884000.0,,400.3910917859711,,
ANET,Arista Networks,Information Technology,Communications Equipment,Targets set,1.5°C,2030,Targets set,2050,,5860200000.0,2327900000.0,,,
AJG,Arthur J. Gallagher & Co.,Financials,Insurance Brokers,,,,,,,10072000000.0,,,,
AIZ,Assurant,Financials,Multi-line Insurance,,,,,,,11131600000.0,,,,
T,AT&T,Communication Services,Integrated Telecommunication Services,Targets set,1.5°C,2030,,,,122428000000.0,42238000000.0,,,
ATO,Atmos Energy,Utilities,Gas Utilities,,,,,,130555.0,4275357000.0,1671474000.0,30.536631209978488,0.14622094812495323,0.007810770613243162
ADSK,Autodesk,Information Technology,Application Software,Targets set,1.5°C,FY2031,,,,5497000000.0,,,,
ADP,Automatic Data Processing,Industrials,Human Resource & Employment Services,,,,,,,18012200000.0,,,,
AZO,AutoZone,Consumer Discretionary,Automotive Retail,,,,,,,17457209000.0,3971563000.0,,,
AVY,Avery Dennison,Materials,Paper & Plastic Packaging Products & Materials,Targets set,1.5°C,2030,,,,8364300000.0,,,,
AXON,Axon Enterprise,Industrials,Aerospace & Defense,,,,,,,1560699000.0,176165000.0,,,
BKR,Baker Hughes,Energy,Oil & Gas Equipment & Services,,,,,,,25506000000.0,3404000000.0,,,
BALL,Ball Corporation,Materials,"Metal, Glass & Plastic Containers",Targets set,1.5°C,2030,,,,,1878000000.0,,,
BAC,Bank of America,Financials,Diversified Banks,,,,,,,102769000000.0,,,,
BAX,Baxter International,Health Care,Health Care Equipment,,,,,,43204.0,10360000000.0,1691000000.0,4.1702702702702705,,0.0025549379065641633
BDX,Becton Dickinson,Health Care,Health Care Equipment,Targets set,1.5°C,FY2030,Targets set,FY2050,,19372000000.0,4399000000.0,,,
BRK.B,Berkshire Hathaway,Financials,Multi-Sector Holdings,,,,,,53362265.0,254906000000.0,,209.3409531356657,-0.01927257605267796,
BBY,Best Buy,Consumer Discretionary,Computer & Electronics Retail,Targets set,1.5°C,2030,,,,43452000000.0,2497000000.0,,,
TECH,Bio-Techne,Health Care,Life Sciences Tools & Services,Targets set,1.5°C,FY2031,,,,1136702000.0,406182000.0,,,
BIIB,Biogen,Health Care,Biotechnology,Commitment removed,,,Commitment removed,,28268.0,9835600000.0,,2.874049371670259,,
BLK,BlackRock,Financials,Asset Management & Custody Banks,,,,,,187750.0,17859000000.0,6702000000.0,10.512906657707598,,0.00280140256639809
BX,Blackstone Inc.,Financials,Asset Management & Custody Banks,,,,,,,8022841000.0,,,,
XYZ,"Block, Inc.",Financials,Transaction & Payment Processing Services,Targets set,1.5°C,2030,Commitment removed,,,21915623000.0,129721000.0,,,
BNY,BNY Mellon,Financials,Asset Management & Custody Banks,,,,,,,17697000000.0,,,,
BA,Boeing,Industrials,Aerospace & Defense,,,,,,151145.0,77794000000.0,1088000000.0,1.942887626295087,-0.01365621082800339,0.013892003676470588
BKNG,Booking Holdings,Consumer Discretionary,"Hotels, Resorts & Cruise Lines",Targets set,1.5°C,2030,Targets set,2040,,21365000000.0,6339000000.0,,,
BSX,Boston Scientific,Health Care,Health Care Equipment,Targets set,1.5°C,2030,Targets set,2050,,14240000000.0,3539000000.0,,,
BMY,Bristol Myers Squibb,Health Care,Pharmaceuticals,Targets set,1.5°C,2033,Targets set,2050,95103.0,45006000000.0,,2.11311825089988,-0.029067303803347544,
AVGO,Broadcom,Information Technology,Semiconductors,Commitment removed,,,,,34457.0,35819000000.0,,0.9619754878695664,-0.2752615565612978,
BR,Broadridge Financial Solutions,Industrials,Data Processing & Outsourced Services,Targets set,1.5°C,FY2033,Targets set,FY2050,,6060900000.0,1020800000.0,,,
BRO,Brown & Brown,Financials,Insurance Brokers,,,,,,,4257000000.0,,,,
BF.B,Brown–Forman,Consumer Staples,Distillers & Vintners,,,,,,90073.0,4178000000.0,,21.55887984681666,0.08895018984803937,
BLDR,Builders FirstSource,Industrials,Building Products,,,,,,,17097330000.0,2734594000.0,,,
BG,Bunge Global,Consumer Staples,Agricultural Products & Services,,,,,,,17831000000.0,,,,
BXP,"BXP, Inc.",Real Estate,Office REITs,Targets set,1.5°C,2030,Commitment removed,,,3273569000.0,,,,
CHRW,C.H. Robinson,Industrials,Air Freight & Logistics,,,,,,,17596443000.0,,,,
CDNS,Cadence Design Systems,Information Technology,Application Software,Targets set,1.5°C,2030,Targets set,2040,,4089986000.0,1396517000.0,,,
CPT,Camden Property Trust,Real Estate,Multi-Family Residential REITs,,,,,,,3451000.0,,,,
COF,Capital One,Financials,Consumer Finance,,,,,,,5645000000.0,,,,
CAH,Cardinal Health,Health Care,Health Care Distributors,Targets set,1.5°C,FY2030,,,,204979000000.0,1444000000.0,,,
CCL,Carnival Corporation,Consumer Discretionary,"Hotels, Resorts & Cruise Lines",,,,,,,21593000000.0,,,,
CARR,Carrier Global,Industrials,Building Products,Targets set,1.5°C,2030,Targets set,2050,,18951000000.0,2651000000.0,,,
CVNA,Carvana,Consumer Discretionary,Automotive Retail,,,,,,,10771000000.0,,,,
CASY,Casey's,Consumer Staples,Food Retail,,,,,,,14862913000.0,,,,
CAT,Caterpillar Inc.,Industrials,Construction Machinery & Heavy Transportation Equipment,,,,,,456902.0,67060000000.0,15110000000.0,6.813331345064122,-0.06548247443123778,0.003023838517538054
CBOE,Cboe Global Markets,Financials,Financial Exchanges & Data,,,,,,,,1215900000.0,,,
CBRE,CBRE Group,Real Estate,Real Estate Services,Targets set,1.5°C,FY2030,Targets set,FY2040,,31505000000.0,,,,
CDW,CDW Corporation,Information Technology,Technology Distributors,Targets set,1.5°C,2030,,,,21376000000.0,1951600000.0,,,
COR,Cencora,Health Care,Health Care Distributors,Targets set,1.5°C,FY2032,,,,262173411000.0,3304635000.0,,,
CNC,Centene Corporation,Health Care,Managed Health Care,,,,,,,140095000000.0,,,,
CNP,CenterPoint Energy,Utilities,Multi-Utilities,,,,,,3782803.0,8612000000.0,3161000000.0,439.24790989317233,1.53737301582803,0.119671085099652
CF,CF Industries,Materials,Fertilizers & Agricultural Chemicals,,,,,,20579424.0,6631000000.0,3099000000.0,3103.517418187302,0.015752659758984766,0.6640666021297192
CRL,Charles River Laboratories,Health Care,Life Sciences Tools & Services,Targets set,1.5°C,2030,,,,4129409000.0,931385000.0,,,
SCHW,Charles Schwab Corporation,Financials,Investment Banking & Brokerage,,,,,,,18837000000.0,,,,
CHTR,Charter Communications,Communication Services,Cable & Satellite,,,,,,,54607000000.0,21255000000.0,,,
CVX,Chevron Corporation,Energy,Integrated Oil & Gas,,,,,,16822711.0,196913000000.0,,85.43220102278671,-0.032610939213349455,
CMG,Chipotle Mexican Grill,Consumer Discretionary,Restaurants,Targets set,1.5°C,2030,,,,9871649000.0,1877207000.0,,,
CB,Chubb Limited,Financials,Property & Casualty Insurance,,,,,,,49735000000.0,,,,
CHD,Church & Dwight,Consumer Staples,Household Products,Targets set,1.5°C,2031,,,,5867900000.0,1282600000.0,,,
CIEN,Ciena,Information Technology,Communications Equipment,Targets set,1.5°C,FY2030,,,,4386549000.0,,,,
CI,Cigna,Health Care,Health Care Services,Committed,,,,,,195265000000.0,11571000000.0,,,
CINF,Cincinnati Financial,Financials,Property & Casualty Insurance,,,,,,,10013000000.0,,,,
CTAS,Cintas,Industrials,Diversified Support Services,,,,,,,9596615000.0,2511017000.0,,,
CSCO,Cisco,Information Technology,Communications Equipment,Targets set,1.5°C,FY2030,Targets set,FY2040,,56998000000.0,15731000000.0,,,
C,Citigroup,Financials,Diversified Banks,,,,,,,78066000000.0,,,,
CFG,Citizens Financial Group,Financials,Regional Banks,,,,,,,1266000000.0,,,,
CLX,Clorox,Consumer Staples,Household Products,Targets set,1.5°C,2030,Commitment removed,,,7389000000.0,,,,
CME,CME Group,Financials,Financial Exchanges & Data,,,,,,,5578900000.0,,,,
CMS,CMS Energy,Utilities,Multi-Utilities,,,,,,16768405.0,7261000000.0,2415000000.0,2309.3795620437954,0.005376018553784556,0.6943438923395445
KO,Coca-Cola Company (The),Consumer Staples,Soft Drinks & Non-alcoholic Beverages,,,,,,,45754000000.0,12439000000.0,,,
CTSH,Cognizant,Information Technology,IT Consulting & Other Services,,,,,,,19353000000.0,3244000000.0,,,
COHR,Coherent Corp.,Information Technology,Electronic Components,,,,,,,5160100000.0,,,,
COIN,Coinbase,Financials,Financial Exchanges & Data,,,,,,,3108383000.0,-22020000.0,,,
CL,Colgate-Palmolive,Consumer Staples,Household Products,Targets set,1.5°C,2030,Targets set,2040,,19457000000.0,4551000000.0,,,
CMCSA,Comcast,Communication Services,Cable & Satellite,Targets set,1.5°C,2030,,,,121572000000.0,37650000000.0,,,
FIX,Comfort Systems USA,Industrials,Construction & Engineering,,,,,,,5206760000.0,,,,
COP,ConocoPhillips,Energy,Oil & Gas Exploration & Production,,,,,,1133100.0,48522000000.0,,23.352293804872016,-0.2100186869896029,
ED,Consolidated Edison,Utilities,Multi-Utilities,,,,,,2463231.0,14476000000.0,,170.1596435479414,-0.015126114224014442,
STZ,Constellation Brands,Consumer Staples,Distillers & Vintners,,,,,,,9961800000.0,3598900000.0,,,
CEG,Constellation Energy,Utilities,Electric Utilities,,,,,,8941321.0,20841000000.0,4124000000.0,429.0255266062089,,0.2168118574199806
COO,Cooper Companies (The),Health Care,Health Care Supplies,,,,,,,3593200000.0,900800000.0,,,
CPRT,Copart,Industrials,Diversified Support Services,,,,,,,,1646047000.0,,,
GLW,Corning Inc.,Information Technology,Electronic Components,Targets set,1.5°C,2028,,,171577.0,12588000000.0,,13.630203368287258,-0.04344113249982107,
CPAY,Corpay,Financials,Transaction & Payment Processing Services,,,,,,,3757719000.0,,,,
CTVA,Corteva,Materials,Fertilizers & Agricultural Chemicals,,,,,,82754.0,17226000000.0,,4.804017183327528,,
CSGP,CoStar Group,Real Estate,Real Estate Services,Targets set,1.5°C,2033,Targets set,2050,,2455000000.0,390000000.0,,,
COST,Costco,Consumer Staples,Consumer Staples Merchandise Retail,,,,,,,242290000000.0,10191000000.0,,,
CRH,CRH plc,Materials,Construction Materials,Targets set,1.5°C,2030,,,,34949000000.0,5819000000.0,,,
CRWD,CrowdStrike,Information Technology,Systems Software,Targets set,1.5°C,FY2031,Commitment removed,,,,,,,
CCI,Crown Castle,Real Estate,Telecom Tower REITs,,,,,,,421000000.0,2884000000.0,,,
CSX,CSX Corporation,Industrials,Rail Transportation,Targets set,Well-below 2°C,2029,,,,14657000000.0,7106000000.0,,,
CMI,Cummins,Industrials,Construction Machinery & Heavy Transportation Equipment,Targets set,1.5°C,2030,,,,34065000000.0,2785000000.0,,,
CVS,CVS Health,Health Care,Health Care Services,Targets set,1.5°C,2030,Targets set,2050,,357776000000.0,18109000000.0,,,
DHR,Danaher Corporation,Health Care,Life Sciences Tools & Services,Targets set,1.5°C,2035,Targets set,2050,,23890000000.0,7368000000.0,,,
DRI,Darden Restaurants,Consumer Discretionary,Restaurants,,,,,,,11390000000.0,1774100000.0,,,
DDOG,Datadog,Information Technology,Application Software,,,,,,,2128359000.0,2136000.0,,,
DVA,DaVita,Health Care,Health Care Services,Targets set,1.5°C,2030,,,,12140147000.0,2339258000.0,,,
DECK,Deckers Brands,Consumer Discretionary,Footwear,Targets set,1.5°C,FY2030,,,,4287763000.0,985101000.0,,,
DE,Deere & Company,Industrials,Agricultural & Farm Machinery,Targets set,1.5°C,FY2030,,,45076.0,61251000000.0,14962000000.0,0.7359226788134071,-0.06837423760962413,0.000301269883705387
DELL,Dell Technologies,Information Technology,"Technology Hardware, Storage & Peripherals",Targets set,1.5°C,FY2031,Targets set,FY2051,,88425000000.0,8714000000.0,,,
DAL,Delta Air Lines,Industrials,Passenger Airlines,Targets set,Well-below 2°C,2035,Committed,,1256097.0,58048000000.0,7862000000.0,21.638936742006614,0.004179607188720125,0.01597681251589926
DVN,Devon Energy,Energy,Oil & Gas Exploration & Production,Commitment removed,,,,,36538.0,15140000000.0,,2.41334214002642,-0.35370573553161666,
DXCM,Dexcom,Health Care,Health Care Equipment,Commitment removed,,,,,,3622300000.0,783700000.0,,,
FANG,Diamondback Energy,Energy,Oil & Gas Exploration & Production,,,,,,,8412000000.0,6316000000.0,,,
DLR,Digital Realty,Real Estate,Data Center REITs,Targets set,1.5°C,2030,Committed,,,5477061000.0,,,,
DG,Dollar General,Consumer Staples,Consumer Staples Merchandise Retail,,,,,,,38691609000.0,3295093000.0,,,
DLTR,Dollar Tree,Consumer Staples,Consumer Staples Merchandise Retail,,,,,,,16770300000.0,2175000000.0,,,
D,Dominion Energy,Utilities,Multi-Utilities,,,,,,28318233.0,13487000000.0,5994000000.0,2099.668792170238,0.013533528825101504,0.47244299299299297
DPZ,Domino's,Consumer Discretionary,Restaurants,,,,,,,4479358000.0,,,,
DASH,DoorDash,Consumer Discretionary,Specialized Consumer Services,,,,,,,8635000000.0,-70000000.0,,,
DOV,Dover Corporation,Industrials,Industrial Machinery & Supplies & Components,Targets set,Well-below 2°C,2030,,,,7684476000.0,1524386000.0,,,
DOW,Dow Inc.,Materials,Commodity Chemicals,,,,,,16644866.0,44622000000.0,,373.0192730043476,,
DHI,D. R. Horton,Consumer Discretionary,Homebuilding,,,,,,,35460400000.0,,,,
DTE,DTE Energy,Utilities,Multi-Utilities,,,,,,23095572.0,,3849000000.0,,-0.06978897887480862,0.6000408417770849
DUK,Duke Energy,Utilities,Electric Utilities,,,,,,72317601.0,,13154000000.0,,-0.05672263937015343,0.5497765014444276
DD,DuPont,Industrials,Industrial Conglomerates,,,,,,,6614000000.0,,,,
ETN,Eaton Corporation,Industrials,Electrical Components & Equipment,Targets set,1.5°C,2030,Targets set,2050,,23196000000.0,,,,
EBAY,eBay Inc.,Consumer Discretionary,Broadline Retail,Targets set,1.5°C,2030,Targets set,2045,,10112000000.0,2382000000.0,,,
ECHO,EchoStar,Communication Services,Wireless Telecommunication Services,,,,,,,17015598000.0,1320014000.0,,,
ECL,Ecolab,Materials,Specialty Chemicals,Targets set,1.5°C,2030,Targets set,2050,,15320200000.0,,,,
EIX,Edison International,Utilities,Electric Utilities,,,,,,1056295.0,16338000000.0,5262000000.0,64.65265026319011,0.05170852977224816,0.02007402128468263
EW,Edwards Lifesciences,Health Care,Health Care Equipment,Targets set,1.5°C,2030,,,,5010000000.0,1453800000.0,,,
ELV,Elevance Health,Health Care,Managed Health Care,Targets set,1.5°C,2030,,,,171340000000.0,10244000000.0,,,
EME,Emcor,Industrials,Construction & Engineering,Commitment removed,,,,,,12582873000.0,927578000.0,,,
EMR,Emerson Electric,Industrials,Electrical Components & Equipment,Targets set,1.5°C,FY2030,Targets set,FY2045,,15165000000.0,,,,
ETR,Entergy,Utilities,Electric Utilities,,,,,,38030028.0,12147412000.0,4669652000.0,3130.7103109699415,0.0024884068833213036,0.8144081828795807
EOG,EOG Resources,Energy,Oil & Gas Exploration & Production,,,,,,318788.0,24186000000.0,13095000000.0,13.180683039775076,-0.062305014276826665,0.00243442535318824
EQT,EQT Corporation,Energy,Oil & Gas Exploration & Production,,,,,,,5044768000.0,4046553000.0,,,
EFX,Equifax,Industrials,Research & Consulting Services,Targets set,1.5°C,2032,,,,5265200000.0,1553400000.0,,,
EQIX,Equinix,Real Estate,Data Center REITs,Targets set,1.5°C,2030,Targets set,2040,,8188000000.0,3288000000.0,,,
ERIE,Erie Indemnity,Financials,Insurance Brokers,,,,,,,3268940000.0,567671000.0,,,
ESS,Essex Property Trust,Real Estate,Multi-Family Residential REITs,Targets set,1.5°C,2034,,,,11131000.0,,,,
EL,Estée Lauder Companies (The),Consumer Staples,Personal Care Products,Targets set,1.5°C,FY2030,,,,15910000000.0,2253000000.0,,,
EG,Everest Group,Financials,Reinsurance,Committed,,,,,,14587000000.0,,,,
EVRG,Evergy,Utilities,Electric Utilities,,,,,,23043646.0,5345100000.0,,4311.172101550953,,
ES,Eversource Energy,Utilities,Electric Utilities,Commitment removed,,,,,,11910705000.0,3215035000.0,,,
EXC,Exelon,Utilities,Electric Utilities,,,,,,,21727000000.0,7529000000.0,,,
EXE,Expand Energy,Energy,Oil & Gas Exploration & Production,,,,,,,8721000000.0,4669000000.0,,,
EXPE,Expedia Group,Consumer Discretionary,"Hotels, Resorts & Cruise Lines",Targets set,1.5°C,2030,,,,12839000000.0,1840000000.0,,,
EXPD,Expeditors International,Industrials,Air Freight & Logistics,,,,,,,9300110000.0,1007693000.0,,,
EXR,Extra Space Storage,Real Estate,Self-Storage REITs,,,,,,,101986000.0,1676194000.0,,,
XOM,ExxonMobil,Energy,Integrated Oil & Gas,,,,,,32225458.0,,,,-0.012028351073023691,
FFIV,"F5, Inc.",Information Technology,Communications Equipment,Targets set,1.5°C,FY2030,,,,2813169000.0,585270000.0,,,
FDS,FactSet,Financials,Financial Exchanges & Data,,,,,,,2085508000.0,734591000.0,,,
FICO,Fair Isaac,Information Technology,Application Software,,,,,,,1513557000.0,657468000.0,,,
FAST,Fastenal,Industrials,Trading Companies & Distributors,,,,,,,7346700000.0,1706000000.0,,,
FRT,Federal Realty Investment Trust,Real Estate,Retail REITs,Targets set,1.5°C,2030,,,,1132154000.0,,,,
FDX,FedEx,Industrials,Air Freight & Logistics,Targets set,1.5°C,FY2035,,,,87693000000.0,9846000000.0,,,
FDXF,FedEx Freight,Industrials,Cargo Ground Transportation,,,,,,,9424000000.0,2208000000.0,,,
FERG,Ferguson Enterprises,Industrials,Trading Companies & Distributors,,,,,,,29734000000.0,2980000000.0,,,
FIS,Fidelity National Information Services,Financials,Transaction & Payment Processing Services,,,,,,,9831000000.0,3191000000.0,,,
FITB,Fifth Third Bancorp,Financials,Regional Banks,,,,,,,,,,,
FSLR,First Solar,Information Technology,Semiconductors,Targets set,1.5°C,2028,Targets set,2050,,3318602000.0,1165260000.0,,,
FE,FirstEnergy,Utilities,Electric Utilities,,,,,,15258136.0,12870000000.0,,1185.5583527583528,,
FISV,Fiserv,Financials,Transaction & Payment Processing Services,,,,,,,19093000000.0,8176000000.0,,,
FLEX,Flex Ltd.,Information Technology,Electronic Manufacturing Services,Targets set,1.5°C,2030,,,,26415000000.0,,,,
F,Ford Motor Company,Consumer Discretionary,Automobile Manufacturers,Targets set,1.5°C/Well-below 2°C,2035,Commitment removed,,497625.0,176191000000.0,13148000000.0,2.82434971139275,-0.05568209652743039,0.0037847961667173717
FTNT,Fortinet,Information Technology,Systems Software,Targets set,1.5°C,2030,Commitment removed,,,5304800000.0,1354500000.0,,,
FTV,Fortive,Industrials,Industrial Machinery & Supplies & Components,,,,,,,3913900000.0,1000200000.0,,,
FOXA,Fox Corporation (Class A),Communication Services,Broadcasting,,,,,,,14913000000.0,,,,
FOX,Fox Corporation (Class B),Communication Services,Broadcasting,,,,,,,14913000000.0,,,,
BEN,Franklin Resources,Financials,Asset Management & Custody Banks,,,,,,,7849400000.0,1206600000.0,,,
FCX,Freeport-McMoRan,Materials,Copper,Commitment removed,,,,,468238.0,22703000000.0,8293000000.0,20.624498964894507,-0.053417266788635565,0.00564618352827686
GRMN,Garmin,Consumer Discretionary,Consumer Electronics,,,,,,,5228252000.0,,,,
IT,Gartner,Information Technology,IT Consulting & Other Services,Targets set,1.5°C,2029,,,,5906956000.0,1427997000.0,,,
GE,GE Aerospace,Industrials,Aerospace & Defense,,,,,,,35348000000.0,,,,
GEHC,GE HealthCare,Health Care,Health Care Equipment,Targets set,1.5°C,2030,Targets set,2050,,19552000000.0,,,,
GEV,GE Vernova,Industrials,Heavy Electrical Equipment,,,,,,,33239000000.0,,,,
GEN,Gen Digital,Information Technology,Systems Software,,,,,,,3800000000.0,1595000000.0,,,
GNRC,Generac,Industrials,Heavy Electrical Equipment,,,,,,,4022667000.0,552801000.0,,,
GD,General Dynamics,Industrials,Aerospace & Defense,,,,,,,42272000000.0,,,,
GIS,General Mills,Consumer Staples,Packaged Foods & Meats,Targets set,1.5°C,FY2030,Targets set,FY2050,70689.0,19857200000.0,3984400000.0,3.559867453618838,0.0053968760448475095,0.0017741441622327076
GM,General Motors,Consumer Discretionary,Automobile Manufacturers,Targets set,1.5°C/Well-below 2°C,2035,Commitment removed,,572171.0,157658000000.0,21035000000.0,3.6291910337566122,-0.03863920539900856,0.00272009032564773
GPC,Genuine Parts Company,Consumer Discretionary,Distributors,,,,,,,23090610000.0,,,,
GILD,Gilead Sciences,Health Care,Biotechnology,Targets set,1.5°C,2030,,,,27116000000.0,,,,
GPN,Global Payments,Financials,Transaction & Payment Processing Services,,,,,,,7379784000.0,2457508000.0,,,
GL,Globe Life,Financials,Life & Health Insurance,,,,,,,5447533000.0,,,,
GDDY,GoDaddy,Information Technology,Internet Services & Infrastructure,,,,,,,4254100000.0,718700000.0,,,
GS,Goldman Sachs,Financials,Investment Banking & Brokerage,,,,,,15642.0,,,,-0.012376852019577389,
HAL,Halliburton,Energy,Oil & Gas Equipment & Services,,,,,,53415.0,,5081000000.0,,,0.0010512694351505608
HIG,Hartford (The),Financials,Property & Casualty Insurance,,,,,,,1382000000.0,,,,
HAS,Hasbro,Consumer Discretionary,Leisure Products,Targets set,1.5°C,2030,Targets set,2050,,5003300000.0,-1328100000.0,,,
HCA,HCA Healthcare,Health Care,Health Care Facilities,Targets set,1.5°C,FY2030,,,,64968000000.0,,,,
DOC,Healthpeak Properties,Real Estate,Health Care REITs,Targets set,Well-below 2°C,2033,,,,527417000.0,,,,
HSIC,Henry Schein,Health Care,Health Care Distributors,Targets set,1.5°C,2030,Targets set,2050,,12339000000.0,863000000.0,,,
HSY,Hershey Company (The),Consumer Staples,Packaged Foods & Meats,Targets set,1.5°C,2030,,,,11164992000.0,2980682000.0,,,
HPE,Hewlett Packard Enterprise,Information Technology,"Technology Hardware, Storage & Peripherals",Targets set,1.5°C,FY2030,Targets set,FY2040,,29135000000.0,4705000000.0,,,
HLT,Hilton Worldwide,Consumer Discretionary,"Hotels, Resorts & Cruise Lines",,,,,,,10235000000.0,2372000000.0,,,
HD,Home Depot (The),Consumer Discretionary,Home Improvement Retail,Targets set,1.5°C,FY2030,,,,152669000000.0,24750000000.0,,,
HONA,Honeywell Aerospace,Industrials,Aerospace & Defense,,,,,,,,,,,
HON,Honeywell Technologies,Industrials,Industrial Conglomerates,Targets set,Well-below 2°C,2037,,,354899.0,33009000000.0,8567000000.0,10.751582901632888,-0.16359921697408253,0.004142628691490603
HRL,Hormel Foods,Consumer Staples,Packaged Foods & Meats,Targets set,1.5°C,2030,,,58586.0,,1325357000.0,,0.029844351142941594,0.00442039390141675
HST,Host Hotels & Resorts,Real Estate,Hotel & Resort REITs,Targets set,1.5°C,2030,,,,5311000000.0,,,,
HWM,Howmet Aerospace,Industrials,Aerospace & Defense,,,,,,124138.0,6640000000.0,1475000000.0,18.695481927710844,,0.008416135593220339
HPQ,HP Inc.,Information Technology,"Technology Hardware, Storage & Peripherals",Targets set,1.5°C,FY2030,Targets set,FY2040,,53718000000.0,4306000000.0,,,
HUBB,Hubbell Incorporated,Industrials,Industrial Machinery & Supplies & Components,,,,,,,5372900000.0,1177100000.0,,,
HUM,Humana,Health Care,Managed Health Care,Targets set,1.5°C,2029,,,,106374000000.0,,,,
HBAN,Huntington Bancshares,Financials,Regional Banks,,,,,,,1400000000.0,,,,
HII,Huntington Ingalls Industries,Industrials,Aerospace & Defense,,,,,,49707.0,11454000000.0,1128000000.0,4.339706652697748,-0.028707709503622114,0.0044066489361702125
IBM,IBM,Information Technology,IT Consulting & Other Services,,,,,,,61860000000.0,,,,
IEX,IDEX Corporation,Industrials,Industrial Machinery & Supplies & Components,,,,,,,3273900000.0,884600000.0,,,
IDXX,Idexx Laboratories,Health Care,Health Care Equipment,,,,,,,3660953000.0,1212036000.0,,,
ITW,Illinois Tool Works,Industrials,Industrial Machinery & Supplies & Components,,,,,,17550.0,16107000000.0,,1.089588377723971,0.12856853877456742,
INCY,Incyte,Health Care,Biotechnology,,,,,,,3695649000.0,703185000.0,,,
IR,Ingersoll Rand,Industrials,Industrial Machinery & Supplies & Components,Targets set,1.5°C,2034,Targets set,2050,,6876100000.0,1623400000.0,,,
PODD,Insulet Corporation,Health Care,Health Care Equipment,,,,,,,1697100000.0,292900000.0,,,
INTC,Intel,Information Technology,Semiconductors,Commitment removed,,,,,790768.0,54228000000.0,,14.58228221582946,-0.034898453701818766,
IBKR,Interactive Brokers,Financials,Investment Banking & Brokerage,,,,,,,1557000000.0,,,,
ICE,Intercontinental Exchange,Financials,Financial Exchanges & Data,,,,,,,9903000000.0,,,,
IFF,International Flavors & Fragrances,Materials,Specialty Chemicals,Targets set,1.5°C,2030,,,307088.0,11479000000.0,-968000000.0,26.752156111159508,0.5158113511255522,-0.03172396694214876
IP,International Paper,Materials,Paper & Plastic Packaging Products & Materials,Targets set,Well-below 2°C,2030,,,5404388.0,16033000000.0,,337.0790245119441,-0.014751763788207639,
INTU,Intuit,Information Technology,Application Software,Targets set,1.5°C,FY2030,Targets set,FY2040,,14368000000.0,,,,
ISRG,Intuitive Surgical,Health Care,Health Care Equipment,,,,,,,7124100000.0,,,,
IVZ,Invesco,Financials,Asset Management & Custody Banks,,,,,,,5716400000.0,-252000000.0,,,
INVH,Invitation Homes,Real Estate,Single-Family Residential REITs,,,,,,,2432278000.0,,,,
IQV,IQVIA,Health Care,Life Sciences Tools & Services,Targets set,1.5°C,2030,Targets set,2050,,14984000000.0,3102000000.0,,,
IRM,Iron Mountain,Real Estate,Other Specialized REITs,Targets set,1.5°C,2033,Targets set,2040,,5480289000.0,1697937000.0,,,
JBHT,J.B. Hunt,Industrials,Cargo Ground Transportation,,,,,,,,1731150000.0,,,
JBL,Jabil,Information Technology,Electronic Manufacturing Services,Commitment removed,,,Commitment removed,,,34702000000.0,2461000000.0,,,
JKHY,Jack Henry & Associates,Financials,Transaction & Payment Processing Services,Commitment removed,,,,,,2077702000.0,,,,
J,Jacobs Solutions,Industrials,Construction & Engineering,,,,,,,,,,,
JNJ,Johnson & Johnson,Health Care,Pharmaceuticals,Targets set,1.5°C,2030,Commitment removed,,,85159000000.0,,,,
JCI,Johnson Controls,Industrials,Building Products,Targets set,1.5°C,2030,,,,22331000000.0,,,,
JPM,JPMorgan Chase,Financials,Diversified Banks,,,,,,,158104000000.0,,,,
KVUE,Kenvue,Consumer Staples,Personal Care Products,Targets set,1.5°C,2030,Commitment removed,,,15444000000.0,3139000000.0,,,
KDP,Keurig Dr Pepper,Consumer Staples,Soft Drinks & Non-alcoholic Beverages,Targets set,1.5°C,2030,,,,14814000000.0,,,,
KEY,KeyCorp,Financials,Regional Banks,,,,,,,1435000000.0,,,,
KEYS,Keysight Technologies,Information Technology,Electronic Equipment & Instruments,Targets set,1.5°C,FY2030,,,,5464000000.0,,,,
KMB,Kimberly-Clark,Consumer Staples,Household Products,Targets set,Well-below 2°C,2030,,,1030421.0,17146000000.0,2681000000.0,60.09687390645048,-0.008061801473201902,0.03843420365535248
KIM,Kimco Realty,Real Estate,Retail REITs,Targets set,Well-below 2°C,2030,,,,1783400000.0,1146042000.0,,,
KMI,Kinder Morgan,Energy,Oil & Gas Storage & Transportation,,,,,,9624625.0,13647000000.0,6513000000.0,705.2557338609219,0.032295257205537053,0.1477756026408721
KKR,KKR & Co.,Financials,Asset Management & Custody Banks,,,,,,,14499312000.0,,,,
KLAC,KLA Corporation,Information Technology,Semiconductor Materials & Equipment,Targets set,1.5°C,2030,,,,10496056000.0,,,,
KHC,Kraft Heinz,Consumer Staples,Packaged Foods & Meats,Targets set,1.5°C,2030,Targets set,2050,,,5533000000.0,,,
KR,Kroger,Consumer Staples,Food Retail,Commitment removed,,,,,,150039000000.0,6221000000.0,,,
LHX,L3Harris,Industrials,Aerospace & Defense,,,,,,,19419000000.0,2592000000.0,,,
LH,Labcorp,Health Care,Health Care Services,Targets set,1.5°C,2030,,,,12161600000.0,1302900000.0,,,
LRCX,Lam Research,Information Technology,Semiconductor Materials & Equipment,Targets set,1.5°C,2034,,,,,,,,
LVS,Las Vegas Sands,Consumer Discretionary,Casinos & Gaming,Targets set,1.5°C,2030,,,,10372000000.0,,,,
LDOS,Leidos,Industrials,Diversified Support Services,,,,,,,15339000000.0,952000000.0,,,
LEN,Lennar,Consumer Discretionary,Homebuilding,,,,,,,34233366000.0,,,,
LII,Lennox International,Industrials,Building Products,Targets set,Well-below 2°C,2034,,,,4981900000.0,,,,
LLY,Lilly (Eli),Health Care,Pharmaceuticals,,,,,,47574.0,34124000000.0,,1.3941507443441565,-0.1021450447839507,
LIN,Linde plc,Materials,Industrial Gases,Targets set,Well-below 2°C,2035,,,8787322.0,32854000000.0,,267.46581846959276,0.039345896120042356,
LYV,Live Nation Entertainment,Communication Services,Movies & Entertainment,,,,,,,22726317000.0,,,,
LMT,Lockheed Martin,Industrials,Aerospace & Defense,,,,,,95794.0,67571000000.0,9937000000.0,1.4176791818975596,-0.04820202923334049,0.0009640132836872295
L,Loews Corporation,Financials,Multi-line Insurance,,,,,,1937140.0,2360000000.0,,820.8220338983051,-0.045670821529945504,
LOW,Lowe's,Consumer Discretionary,Home Improvement Retail,,,,,,,86377000000.0,13480000000.0,,,
LULU,Lululemon Athletica,Consumer Discretionary,"Apparel, Accessories & Luxury Goods",,,,,,,9619278000.0,2512060000.0,,,
LITE,Lumentum,Information Technology,Communications Equipment,Targets set,1.5°C,FY2030,Targets set,FY2050,,1767000000.0,,,,
LYB,LyondellBasell,Materials,Specialty Chemicals,,,,,,8523906.0,33336000000.0,4259000000.0,255.69672426205904,0.017119324998352115,0.20013867104954214
MTB,M&T Bank,Financials,Regional Banks,,,,,,,1484000000.0,,,,
MPC,Marathon Petroleum,Energy,Oil & Gas Refining & Marketing,,,,,,28608923.0,148379000000.0,17821000000.0,192.8097844034533,-0.0008301722725767569,0.16053489142023455
MAR,Marriott International,Consumer Discretionary,"Hotels, Resorts & Cruise Lines",Targets set,1.5°C,2030,Targets set,2050,,23713000000.0,,,,
MRSH,Marsh McLennan,Financials,Insurance Brokers,Targets set,1.5°C,2030,Targets set,2050,,22736000000.0,5652000000.0,,,
MLM,Martin Marietta Materials,Materials,Construction Materials,Targets set,1.5°C,2035,,,3999044.0,5851000000.0,1846000000.0,683.4804306956075,0.012232408920500148,0.2166329360780065
MRVL,Marvell Technology,Information Technology,Semiconductors,Targets set,1.5°C,FY2030,Commitment removed,,,5507700000.0,,,,
MAS,Masco,Industrials,Building Products,Targets set,1.5°C,2030,,,,7967000000.0,1497000000.0,,,
MA,Mastercard,Financials,Transaction & Payment Processing Services,Targets set,1.5°C,2030,,,,25098000000.0,14807000000.0,,,
MKC,McCormick & Company,Consumer Staples,Packaged Foods & Meats,Targets set,1.5°C,FY2030,Targets set,FY2050,,6662200000.0,1162300000.0,,,
MCD,McDonald's,Consumer Discretionary,Restaurants,Targets set,1.5°C,2030,Targets set,2050,,25494000000.0,12029000000.0,,,
MCK,McKesson Corporation,Health Care,Health Care Distributors,Targets set,1.5°C,FY2032,,,,308951000000.0,4188000000.0,,,
MDT,Medtronic,Health Care,Health Care Equipment,Targets set,1.5°C,FY2034,Commitment removed,,,32364000000.0,7791000000.0,,,
MRK,Merck & Co.,Health Care,Pharmaceuticals,,,,,,365530.0,60115000000.0,,6.080512351326624,-0.023046361527744752,
META,Meta Platforms,Communication Services,Interactive Media & Services,Targets set,1.5°C,2031,Commitment removed,,,134902000000.0,57929000000.0,,,
MET,MetLife,Financials,Life & Health Insurance,Committed,,,,,,2229000000.0,,,,
MTD,Mettler Toledo,Health Care,Life Sciences Tools & Services,Targets set,1.5°C,2030,Targets set,2050,,3788309000.0,,,,
MGM,MGM Resorts,Consumer Discretionary,Casinos & Gaming,Targets set,1.5°C,2030,,,110103.0,16164249000.0,,6.811513482624525,-0.03304346780642675,
MCHP,Microchip Technology,Information Technology,Semiconductors,,,,,,472938.0,7634400000.0,3450500000.0,61.94828670229488,-0.012651208893778354,0.013706361396899
MU,Micron Technology,Information Technology,Semiconductors,Targets set,1.5°C,2030,,,303884.0,15540000000.0,2011000000.0,19.554954954954955,-0.10077579092996714,0.015111089010442566
MSFT,Microsoft,Information Technology,Systems Software,Targets set,1.5°C,2030,Commitment removed,,,211915000000.0,,,,
MAA,Mid-America Apartment Communities,Real Estate,Multi-Family Residential REITs,,,,,,,2148468000.0,,,,
MRNA,Moderna,Health Care,Biotechnology,Targets set,1.5°C,2030,Targets set,2045,,6848000000.0,-3622000000.0,,,
TAP,Molson Coors Beverage Company,Consumer Staples,Brewers,,,,,,377026.0,13884600000.0,,27.154257234634056,,
MDLZ,Mondelez International,Consumer Staples,Packaged Foods & Meats,Targets set,1.5°C,2030,Targets set,2050,,36016000000.0,,,,
MPWR,Monolithic Power Systems,Information Technology,Semiconductors,,,,,,,1821072000.0,521904000.0,,,
MNST,Monster Beverage,Consumer Staples,Soft Drinks & Non-alcoholic Beverages,Commitment removed,,,,,,7140027000.0,2022253000.0,,,
MCO,Moody's Corporation,Financials,Financial Exchanges & Data,Targets set,1.5°C,2030,Targets set,2040,,5916000000.0,,,,
MS,Morgan Stanley,Financials,Investment Banking & Brokerage,,,,,,,,,,,
MOS,Mosaic Company (The),Materials,Fertilizers & Agricultural Chemicals,,,,,,1584500.0,13696100000.0,2298700000.0,115.68986791860456,-0.0071301108928800705,0.06893026493235307
MSI,Motorola Solutions,Information Technology,Communications Equipment,,,,,,,9978000000.0,2650000000.0,,,
MSCI,MSCI,Financials,Financial Exchanges & Data,Targets set,1.5°C,2030,Targets set,2040,,2528920000.0,1405618000.0,,,
NDAQ,"Nasdaq, Inc.",Financials,Financial Exchanges & Data,Targets set,1.5°C,2032,Targets set,2050,,6064000000.0,1695000000.0,,,
NTAP,NetApp,Information Technology,"Technology Hardware, Storage & Peripherals",Targets set,1.5°C,FY2030,,,,6268000000.0,1412000000.0,,,
NFLX,Netflix,Communication Services,Movies & Entertainment,Targets set,1.5°C,2030,Commitment removed,,,33723297000.0,7310950000.0,,,
NEM,Newmont,Materials,Gold,Targets set,Well-below 2°C,2030,,,567759.0,11812000000.0,,48.066288520149,-0.13241843063227632,
NWSA,News Corp (Class A),Communication Services,Publishing,,,,,,,8012000000.0,,,,
NWS,News Corp (Class B),Communication Services,Publishing,,,,,,,8012000000.0,,,,
NEE,NextEra Energy,Utilities,Multi-Utilities,,,,,,42401137.0,,,,1.037141229764968,
NKE,"Nike, Inc.",Consumer Discretionary,"Apparel, Accessories & Luxury Goods",Targets set,1.5°C,2030,,,,51362000000.0,,,,
NI,NiSource,Utilities,Multi-Utilities,,,,,,4456754.0,5347800000.0,2203700000.0,833.3808294999812,-0.1743689044885096,0.20223959704133956
NDSN,Nordson Corporation,Industrials,Industrial Machinery & Supplies & Components,,,,,,,2628632000.0,732480000.0,,,
NSC,Norfolk Southern,Industrials,Rail Transportation,Targets set,Well-below 2°C,2034,,,,12156000000.0,4149000000.0,,,
NTRS,Northern Trust,Financials,Asset Management & Custody Banks,Committed,,,Committed,,,4361800000.0,,,,
NOC,Northrop Grumman,Industrials,Aerospace & Defense,,,,,,110192.0,39290000000.0,3875000000.0,2.804581318401629,-0.02170899693074846,0.0028436645161290324
NCLH,Norwegian Cruise Line Holdings,Consumer Discretionary,"Hotels, Resorts & Cruise Lines",,,,,,,,1814147000.0,,,
NRG,NRG Energy,Utilities,Independent Power Producers & Energy Traders,Targets set,1.5°C,2025,Commitment removed,,22461424.0,28256000000.0,1679000000.0,794.9258210645527,-0.10579663956936969,1.3377858248957712
NUE,Nucor,Materials,Steel,Committed,,,,,5497406.0,34714000000.0,,158.3627931094083,-0.009960306408069886,
NVDA,Nvidia,Information Technology,Semiconductors,Targets set,1.5°C,FY2030,,,,60922000000.0,34480000000.0,,,
NVR,"NVR, Inc.",Consumer Discretionary,Homebuilding,,,,,,,9518202000.0,,,,
NXPI,NXP Semiconductors,Information Technology,Semiconductors,Targets set,1.5°C,2030,,,77528.0,13276000000.0,4767000000.0,5.8397107562518835,-0.26067651882580467,0.0016263478078456053
ORLY,O'Reilly Automotive,Consumer Discretionary,Automotive Retail,,,,,,,15812250000.0,3595437000.0,,,
OXY,Occidental Petroleum,Energy,Oil & Gas Exploration & Production,,,,,,7889828.0,23230000000.0,,339.639603960396,0.04372810877517752,
ODFL,Old Dominion,Industrials,Cargo Ground Transportation,,,,,,2081716.0,,,,-0.10470729999047934,
OMC,Omnicom Group,Communication Services,Advertising,Targets set,1.5°C,2030,,,,14692200000.0,,,,
ON,ON Semiconductor,Information Technology,Semiconductors,Targets set,1.5°C,2030,,,38434.0,8253000000.0,3148200000.0,4.656973221858718,,0.0012208245981830887
OKE,Oneok,Energy,Oil & Gas Storage & Transportation,,,,,,2511669.0,17677000000.0,4841000000.0,142.08683600158398,0.04969213461041577,0.05188326791985127
ORCL,Oracle Corporation,Information Technology,Application Software,,,,,,,52961000000.0,,,,
OTIS,Otis Worldwide,Industrials,Industrial Machinery & Supplies & Components,Targets set,1.5°C,2033,,,,14209000000.0,2379000000.0,,,
PCAR,Paccar,Industrials,Construction Machinery & Heavy Transportation Equipment,Targets set,Well-below 2°C,2030,,,,35127400000.0,,,,
PKG,Packaging Corporation of America,Materials,Paper & Plastic Packaging Products & Materials,,,,,,1498344.0,7802400000.0,1592800000.0,192.03629652414642,-0.0025164890329784084,0.09406981416373682
PLTR,Palantir Technologies,Information Technology,Application Software,Commitment removed,,,,,,2225012000.0,153320000.0,,,
PANW,Palo Alto Networks,Information Technology,Systems Software,Targets set,1.5°C,FY2027,Targets set,FY2040,,6892700000.0,669500000.0,,,
PSKY,Paramount Skydance Corporation,Communication Services,Movies & Entertainment,,,,,,,29652000000.0,,,,
PH,Parker Hannifin,Industrials,Industrial Machinery & Supplies & Components,Targets set,1.5°C,FY2030,,,,19065000000.0,,,,
PAYX,Paychex,Industrials,Human Resource & Employment Services,,,,,,,5132000000.0,2350600000.0,,,
PYPL,PayPal,Financials,Transaction & Payment Processing Services,Targets set,1.5°C,2025,,,,29771000000.0,6100000000.0,,,
PNR,Pentair,Industrials,Industrial Machinery & Supplies & Components,,,,,,,4104500000.0,,,,
PEP,PepsiCo,Consumer Staples,Soft Drinks & Non-alcoholic Beverages,Targets set,1.5°C,2030,Targets set,2050,317943.0,91471000000.0,14934000000.0,3.475888532977665,-0.045211743086107536,0.002128987545198875
PFE,Pfizer,Health Care,Pharmaceuticals,Targets set,1.5°C,2030,Commitment removed,,225796.0,50914000000.0,,4.434850925089366,-0.02321170605544709,
PCG,PG&E Corporation,Utilities,Multi-Utilities,Commitment removed,,,,,340080.0,24428000000.0,,13.92172916325528,,
PM,Philip Morris International,Consumer Staples,Tobacco,Targets set,1.5°C,2030,Targets set,2040,,35174000000.0,12954000000.0,,,
PSX,Phillips 66,Energy,Oil & Gas Refining & Marketing,,,,,,27912481.0,147399000000.0,,189.36682745473172,-0.0008044112425181771,
PNW,Pinnacle West Capital,Utilities,Multi-Utilities,,,,,,10537824.0,4695991000.0,1678776000.0,2244.0043006896735,0.1332275712921207,0.627708759238874
PNC,PNC Financial Services,Financials,Diversified Banks,,,,,,,21490000000.0,,,,
PPG,PPG Industries,Materials,Specialty Chemicals,Targets set,1.5°C,2030,,,198603.0,16242000000.0,,12.227742888806798,0.07719012832823924,
PPL,PPL Corporation,Utilities,Electric Utilities,Targets set,1.5°C,2030,,,26771409.0,8290000000.0,,3229.3617611580216,,
PFG,Principal Financial Group,Financials,Life & Health Insurance,Commitment removed,,,,,,13665800000.0,,,,
PG,Procter & Gamble,Consumer Staples,Personal Care Products,Targets set,1.5°C,FY2030,Commitment removed,,1660556.0,82006000000.0,20848000000.0,20.249201277955272,-0.00810571807736793,0.00796506139677667
PGR,Progressive Corporation,Financials,Property & Casualty Insurance,,,,,,,62109000000.0,,,,
PLD,Prologis,Real Estate,Industrial REITs,Targets set,1.5°C,2030,Targets set,2040,,8023469000.0,,,,
PRU,Prudential Financial,Financials,Life & Health Insurance,,,,,,,53979000000.0,,,,
PEG,Public Service Enterprise Group,Utilities,Electric Utilities,Commitment removed,,,,,146.0,11237000000.0,,0.012992791670374655,,
PTC,PTC Inc.,Information Technology,Application Software,Targets set,1.5°C,FY2030,Targets set,FY2050,,2097053000.0,563234000.0,,,
PSA,Public Storage,Real Estate,Self-Storage REITs,,,,,,,4517690000.0,,,,
PHM,PulteGroup,Consumer Discretionary,Homebuilding,,,,,,,16061578000.0,,,,
PWR,Quanta Services,Industrials,Construction & Engineering,,,,,,,20882206000.0,,,,
QCOM,Qualcomm,Information Technology,Semiconductors,Targets set,1.5°C,FY2030,Targets set,FY2040,48567.0,35820000000.0,9597000000.0,1.355862646566164,-0.05537505935296694,0.0005060643951234761
DGX,Quest Diagnostics,Health Care,Health Care Services,,,,,,,9252000000.0,1701000000.0,,,
Q,Qnity Electronics,Information Technology,Semiconductor Materials & Equipment,,,,,,,4035000000.0,,,,
RL,Ralph Lauren Corporation,Consumer Discretionary,"Apparel, Accessories & Luxury Goods",Targets set,1.5°C,FY2030,Commitment removed,,,6631400000.0,985400000.0,,,
RJF,Raymond James Financial,Financials,Investment Banking & Brokerage,,,,,,,12992000000.0,,,,
RDDT,Reddit,Communication Services,Interactive Media & Services,,,,,,,804029000.0,-126459000.0,,,
RTX,RTX Corporation,Industrials,Aerospace & Defense,,,,,,154646.0,68920000000.0,7772000000.0,2.2438479396401627,,0.0019897838394235716
O,Realty Income,Real Estate,Retail REITs,,,,,,,4078993000.0,,,,
REG,Regency Centers,Real Estate,Retail REITs,Targets set,Well-below 2°C,2030,,,,1322466000.0,1303570000.0,,,
REGN,Regeneron Pharmaceuticals,Health Care,Biotechnology,,,,,,,13117200000.0,4468100000.0,,,
RF,Regions Financial Corporation,Financials,Regional Banks,,,,,,,,448000000.0,,,
RSG,Republic Services,Industrials,Environmental & Facilities Services,Targets set,Well-below 2°C,2030,,,10721712.0,14965000000.0,4281000000.0,716.4525225526228,0.017652589875665647,0.25044877365101614
RMD,ResMed|,Health Care,Health Care Equipment,Commitment removed,,,Commitment removed,,,4222993000.0,1297027000.0,,,
RVTY,Revvity,Health Care,Health Care Equipment,Commitment removed,,,,,,2750571000.0,732331000.0,,,
HOOD,Robinhood Markets,Financials,Investment Banking & Brokerage,,,,,,,1865000000.0,,,,
ROK,Rockwell Automation,Industrials,Electrical Components & Equipment,Targets set,1.5°C,FY2033,Targets set,FY2050,,9058000000.0,2179000000.0,,,
ROL,"Rollins, Inc.",Industrials,Environmental & Facilities Services,,,,,,,3073278000.0,,,,
ROP,Roper Technologies,Information Technology,Electronic Equipment & Instruments,Commitment removed,,,,,,6177800000.0,2500400000.0,,,
ROST,Ross Stores,Consumer Discretionary,Apparel Retail,,,,,,,20376941000.0,2727095000.0,,,
RCL,Royal Caribbean Group,Consumer Discretionary,"Hotels, Resorts & Cruise Lines",,,,,,,13900000000.0,,,,
SPGI,S&P Global,Financials,Financial Exchanges & Data,Targets set,1.5°C,2025,Targets set,2040,,12497000000.0,5163000000.0,,,
CRM,Salesforce,Information Technology,Application Software,,,,,,,34857000000.0,6111000000.0,,,
SNDK,Sandisk,Information Technology,"Technology Hardware, Storage & Peripherals",Committed,,,Committed,,,6663000000.0,,,,
SBAC,SBA Communications,Real Estate,Telecom Tower REITs,Targets set,1.5°C,FY2033,,,,194649000.0,1639968000.0,,,
SLB,Schlumberger,Energy,Oil & Gas Equipment & Services,,,,,,,33135000000.0,8835000000.0,,,
STX,Seagate Technology,Information Technology,"Technology Hardware, Storage & Peripherals",Targets set,1.5°C,FY2030,,,,6551000000.0,716000000.0,,,
SRE,Sempra,Utilities,Multi-Utilities,,,,,,3952999.0,14848000000.0,,266.2310748922414,0.33763859183554445,
NOW,ServiceNow,Information Technology,Systems Software,Targets set,1.5°C,2026,,,,8971000000.0,1324000000.0,,,
SHW,Sherwin-Williams,Materials,Specialty Chemicals,,,,,,,23051900000.0,,,,
SPG,Simon Property Group,Real Estate,Retail REITs,Targets set,1.5°C,2035,,,,5658836000.0,,,,
SWKS,Skyworks Solutions,Information Technology,Semiconductors,,,,,,24117.0,4772400000.0,,5.053432235353282,-0.09851916888873902,
SJM,J.M. Smucker Company (The),Consumer Staples,Packaged Foods & Meats,Targets set,Well-below 2°C,2030,,,,,,,,
SW,Smurfit Westrock,Materials,Paper & Plastic Packaging Products & Materials,,,,,,,12093000000.0,1952000000.0,,,
SNA,Snap-on,Industrials,Industrial Machinery & Supplies & Components,,,,,,,4703200000.0,1409700000.0,,,
SOLV,Solventum,Health Care,Health Care Technology,Committed,,,Committed,,,8197000000.0,2253000000.0,,,
SO,Southern Company,Utilities,Electric Utilities,,,,,,76256538.0,25253000000.0,10812000000.0,3019.702134399873,-0.051283182359738055,0.7052953940066593
LUV,Southwest Airlines,Industrials,Passenger Airlines,,,,,,,26091000000.0,,,,
SWK,Stanley Black & Decker,Industrials,Industrial Machinery & Supplies & Components,Targets set,1.5°C,2030,,,,15781100000.0,,,,
SBUX,Starbucks,Consumer Discretionary,Restaurants,Targets set,1.5°C,FY2030,,,,35975600000.0,7321100000.0,,,
STT,State Street Corporation,Financials,Asset Management & Custody Banks,,,,,,,11945000000.0,,,,
STLD,Steel Dynamics,Materials,Steel,,,,,,2569897.0,18795316000.0,3588985000.0,136.73071524841615,0.022397172807351762,0.07160511955329989
STE,Steris,Health Care,Health Care Equipment,Committed,,,,,,5138700000.0,1401300000.0,,,
SYK,Stryker Corporation,Health Care,Health Care Equipment,Commitment removed,,,,,,20498000000.0,5229000000.0,,,
SMCI,Supermicro,Information Technology,"Technology Hardware, Storage & Peripherals",Committed,,,,,,7123482000.0,788042000.0,,,
SYF,Synchrony Financial,Financials,Consumer Finance,,,,,,,,,,,
SNPS,Synopsys,Information Technology,Application Software,Targets set,1.5°C,2032,,,,5318014000.0,1520359000.0,,,
SYY,Sysco,Consumer Staples,Food Distributors,Targets set,Well-below 2°C,2030,,,,76325000000.0,,,,
TMUS,T-Mobile US,Communication Services,Wireless Telecommunication Services,Targets set,1.5°C,2030,Targets set,2040,,78558000000.0,27084000000.0,,,
TROW,T. Rowe Price,Financials,Asset Management & Custody Banks,,,,,,,6460500000.0,,,,
TTWO,Take-Two Interactive,Communication Services,Interactive Home Entertainment,,,,,,,5349600000.0,-3419400000.0,,,
TPR,"Tapestry, Inc.",Consumer Discretionary,"Apparel, Accessories & Luxury Goods",Targets set,1.5°C,FY2030,Targets set,FY2050,,6660900000.0,1354600000.0,,,
TRGP,Targa Resources,Energy,Oil & Gas Storage & Transportation,,,,,,3858294.0,13521000000.0,3955800000.0,285.3556689593965,0.046446128272755516,0.09753511299863492
TGT,Target Corporation,Consumer Staples,Consumer Staples Merchandise Retail,Targets set,2°C,2030,Committed,,,107412000000.0,8508000000.0,,,
TEL,TE Connectivity,Information Technology,Electronic Manufacturing Services,Targets set,1.5°C,2032,,,,16034000000.0,3098000000.0,,,
TDY,Teledyne Technologies,Information Technology,Electronic Equipment & Instruments,,,,,,,5635500000.0,,,,
TER,Teradyne,Information Technology,Semiconductor Materials & Equipment,Targets set,1.5°C,2030,Targets set,2050,,2676298000.0,611954000.0,,,
TSLA,"Tesla, Inc.",Consumer Discretionary,Automobile Manufacturers,Commitment removed,,,,,80515.0,96773000000.0,,0.831998594649334,,
TXN,Texas Instruments,Information Technology,Semiconductors,Targets set,1.5°C,2030,,,1057774.0,17519000000.0,,60.37867458188253,-0.0060254366392478165,
TPL,Texas Pacific Land Corporation,Energy,Oil & Gas Exploration & Production,,,,,,,631595000.0,500810000.0,,,
TXT,Textron,Industrials,Aerospace & Defense,,,,,,55580.0,13683000000.0,,4.061974713147701,0.05122130353756171,
TMO,Thermo Fisher Scientific,Health Care,Life Sciences Tools & Services,Targets set,1.5°C,2030,Targets set,2050,28392.0,42857000000.0,,0.6624822082740276,,
TJX,TJX Companies,Consumer Discretionary,Apparel Retail,,,,,,,,,,,
TKO,TKO Group Holdings,Communication Services,Movies & Entertainment,,,,,,,3224796000.0,599831000.0,,,
TTD,Trade Desk (The),Communication Services,Advertising,,,,,,,1946120000.0,280898000.0,,,
TSCO,Tractor Supply,Consumer Discretionary,Other Specialty Retail,Commitment removed,,,,,,14555741000.0,1871961000.0,,,
TT,Trane Technologies,Industrials,Building Products,Targets set,1.5°C,2030,Targets set,2050,,17677600000.0,3242100000.0,,,
TDG,TransDigm Group,Industrials,Aerospace & Defense,,,,,,,6585000000.0,3191000000.0,,,
TRV,Travelers Companies (The),Financials,Property & Casualty Insurance,,,,,,,41364000000.0,,,,
TRMB,Trimble Inc.,Information Technology,Application Software,Targets set,1.5°C,2030,,,,3798700000.0,699400000.0,,,
TFC,Truist Financial,Financials,Diversified Banks,,,,,,,,,,,
TYL,Tyler Technologies,Information Technology,Application Software,,,,,,,1951751000.0,372616000.0,,,
TSN,Tyson Foods,Consumer Staples,Packaged Foods & Meats,Targets set,2°C,2030,,,1874907.0,52881000000.0,934000000.0,35.45521075622624,0.0011826965479728724,0.20073950749464667
USB,U.S. Bancorp,Financials,Diversified Banks,,,,,,,28144000000.0,,,,
UBER,Uber,Industrials,Passenger Ground Transportation,Targets set,1.5°C,2030,Targets set,2040,,37281000000.0,1933000000.0,,,
UDR,"UDR, Inc.",Real Estate,Multi-Family Residential REITs,Commitment removed,,,,,,6843000.0,1326846000.0,,,
ULTA,Ulta Beauty,Consumer Discretionary,Other Specialty Retail,Targets set,1.5°C,FY2030,,,,11207303000.0,1921869000.0,,,
UNP,Union Pacific Corporation,Industrials,Rail Transportation,Targets set,1.5°C,2030,Commitment removed,,,24119000000.0,,,,
UAL,United Airlines Holdings,Industrials,Passenger Airlines,Targets set,Well-below 2°C,2035,Commitment removed,,,53717000000.0,6882000000.0,,,
UPS,United Parcel Service,Industrials,Air Freight & Logistics,,,,,,,90958000000.0,11941000000.0,,,
URI,United Rentals,Industrials,Trading Companies & Distributors,,,,,,,3395000000.0,,,,
UNH,UnitedHealth Group,Health Care,Managed Health Care,Targets set,1.5°C,2030,Committed,,,371622000000.0,,,,
UHS,Universal Health Services,Health Care,Health Care Facilities,,,,,,,14281976000.0,,,,
VLO,Valero Energy,Energy,Oil & Gas Refining & Marketing,Targets set,1.5°C,2030,Commitment removed,,23517862.0,,14559000000.0,,-0.003121387238116391,0.1615348719005426
VEEV,Veeva Systems,Health Care,Health Care Technology,Targets set,1.5°C,FY2035,,,,2363673000.0,,,,
VTR,Ventas,Real Estate,Health Care REITs,Targets set,1.5°C,2030,,,,4497827000.0,,,,
VLTO,Veralto,Industrials,Environmental & Facilities Services,Committed,,,,,,5021000000.0,1227000000.0,,,
VRSN,Verisign,Information Technology,Internet Services & Infrastructure,,,,,,,1493100000.0,,,,
VRSK,Verisk Analytics,Industrials,Research & Consulting Services,Targets set,1.5°C,2034,Targets set,2050,,2681400000.0,1338500000.0,,,
VZ,Verizon,Communication Services,Integrated Telecommunication Services,Targets set,1.5°C,2035,Committed,,,133974000000.0,,,,
VRTX,Vertex Pharmaceuticals,Health Care,Biotechnology,,,,,,,9869200000.0,4013300000.0,,,
VRT,Vertiv,Industrials,Electrical Components & Equipment,Committed,,,,,,6863200000.0,1143200000.0,,,
VTRS,Viatris,Health Care,Pharmaceuticals,Targets set,1.5°C,2030,,,26032.0,15388400000.0,3506700000.0,1.6916638506927297,,0.0007423503578863319
VICI,Vici Properties,Real Estate,Hotel & Resort REITs,,,,,,,3611988000.0,,,,
V,Visa Inc.,Financials,Transaction & Payment Processing Services,Targets set,1.5°C,FY2030,Targets set,FY2040,,32653000000.0,,,,
VST,Vistra Corp.,Utilities,Electric Utilities,Targets set,1.5°C,2028,,,86320993.0,13804000000.0,4163000000.0,6253.331860330339,-0.05455788134311379,2.0735285371126593
VMRK,Vivmark Residential,Real Estate,Multi-Family Residential REITs,,,,,,,,,,,
VMC,Vulcan Materials Company,Materials,Construction Materials,,,,,,,7781900000.0,2044400000.0,,,
WRB,W. R. Berkley Corporation,Financials,Property & Casualty Insurance,,,,,,,12142938000.0,,,,
GWW,W. W. Grainger,Industrials,Industrial Machinery & Supplies & Components,,,,,,,16478000000.0,2842000000.0,,,
WAB,Wabtec,Industrials,Construction Machinery & Heavy Transportation Equipment,,,,,,,9677000000.0,,,,
WMT,Walmart,Consumer Staples,Consumer Staples Merchandise Retail,Targets set,1.5°C,FY2031,Commitment removed,,,642637000000.0,38865000000.0,,,
DIS,Walt Disney Company (The),Communication Services,Movies & Entertainment,Targets set,1.5°C,FY2030,,,108270.0,88898000000.0,18232000000.0,1.2179126639519449,0.011455733251020117,0.000593845985081176
WBD,Warner Bros. Discovery,Communication Services,Broadcasting,,,,,,,41321000000.0,6437000000.0,,,
WM,Waste Management,Industrials,Environmental & Facilities Services,Targets set,1.5°C,2030,Targets set,2050,14429169.0,20426000000.0,5646000000.0,706.411877019485,-0.01817029867401676,0.2555644527098831
WAT,Waters Corporation,Health Care,Life Sciences Tools & Services,Targets set,1.5°C,2030,Targets set,2050,,2956416000.0,,,,
WEC,WEC Energy Group,Utilities,Electric Utilities,,,,,,17623818.0,8893000000.0,3172200000.0,1981.7629596311706,-0.058785183562461096,0.5555708341214299
WFC,Wells Fargo,Financials,Diversified Banks,,,,,,,,,,,
WELL,Welltower,Real Estate,Health Care REITs,Targets set,Well-below 2°C,2030,,,,4753804000.0,,,,
WST,West Pharmaceutical Services,Health Care,Health Care Supplies,Targets set,1.5°C,2035,,,,2949800000.0,813300000.0,,,
WDC,Western Digital,Information Technology,"Technology Hardware, Storage & Peripherals",Targets set,1.5°C,FY2030,,,,6317000000.0,165000000.0,,,
WY,Weyerhaeuser,Real Estate,Timber REITs,Targets set,1.5°C,2030,Commitment removed,,41145.0,7674000000.0,1686000000.0,5.361610633307271,0.029178009867838917,0.002440391459074733
WSM,"Williams-Sonoma, Inc.",Consumer Discretionary,Homefurnishing Retail,Targets set,1.5°C,2030,,,,7750652000.0,1476783000.0,,,
WMB,Williams Companies,Energy,Oil & Gas Storage & Transportation,,,,,,6110019.0,11996000000.0,6382000000.0,509.3380293431144,0.03253363813749299,0.09573831087433407
WTW,Willis Towers Watson,Financials,Insurance Brokers,,,,,,,9304000000.0,,,,
WDAY,"Workday, Inc.",Information Technology,Application Software,Targets set,1.5°C,FY2030,,,,7259000000.0,,,,
WYNN,Wynn Resorts,Consumer Discretionary,Casinos & Gaming,,,,,,,,,,,
XEL,Xcel Energy,Utilities,Multi-Utilities,,,,,,35626382.0,,4952000000.0,,-0.052220462694716696,0.7194342084006462
XYL,Xylem Inc.,Industrials,Industrial Machinery & Supplies & Components,Targets set,1.5°C,2030,Commitment removed,,,7364000000.0,1088000000.0,,,
YUM,Yum! Brands,Consumer Discretionary,Restaurants,Targets set,1.5°C,2030,Commitment removed,,,7076000000.0,2471000000.0,,,
ZBRA,Zebra Technologies,Information Technology,Electronic Equipment & Instruments,Targets set,1.5°C,2030,,,,4584000000.0,,,,
ZBH,Zimmer Biomet,Health Care,Health Care Equipment,Targets set,1.5°C,2030,Targets set,2050,,7394200000.0,2229400000.0,,,
ZTS,Zoetis,Health Care,Pharmaceuticals,,,,,,,8544000000.0,,,,
