metric,company,year,value
CDP+Scope_1_Emissions,9269,2019,338
CDP+Scope_1_Emissions,56203,2018,110
CDP+Scope_1_Emissions,9269,2018,181
CDP+Scope_1_Emissions,56864,2018,48474
CDP+Scope_1_Emissions,3400266,2017,Unknown
CDP+Scope_1_Emissions,3986,2017,440000
CDP+Scope_1_Emissions,2615426,2017,3668000 
CDP+Scope_1_Emissions,6446,2017,547480
CDP+Scope_1_Emissions,56203,2017,110
CDP+Scope_1_Emissions,3400266,2016,1474175
CDP+Scope_1_Emissions,975152,2016,43.215
CDP+Scope_1_Emissions,6446,2016,Unknown
CDP+Scope_1_Emissions,56165,2016,9005
CDP+Scope_1_Emissions,8979,2016,62657
CDP+Scope_1_Emissions,170593,2016,4700
CDP+Scope_1_Emissions,44417,2016,750000
CDP+Scope_1_Emissions,3400266,2015,1770277
CDP+Scope_1_Emissions,56165,2015,17837
CDP+Scope_1_Emissions,56351,2014,643547
CDP+Scope_1_Emissions,56230,2014,28090
CDP+Scope_1_Emissions,56359,2014,14764
CDP+Scope_1_Emissions,56363,2014,2787000
CDP+Scope_1_Emissions,56368,2014,72192
CDP+Scope_1_Emissions,56372,2014,1409000
CDP+Scope_1_Emissions,56392,2014,210850
CDP+Scope_1_Emissions,56417,2014,17396.4
CDP+Scope_1_Emissions,56425,2014,129739
CDP+Scope_1_Emissions,56431,2014,16106
CDP+Scope_1_Emissions,56458,2014,87254
CDP+Scope_1_Emissions,56477,2014,474244
CDP+Scope_1_Emissions,56481,2014,1051600
CDP+Scope_1_Emissions,56539,2014,378993
CDP+Scope_1_Emissions,56559,2014,49517
CDP+Scope_1_Emissions,56567,2014,67076
CDP+Scope_1_Emissions,56572,2014,5120000
CDP+Scope_1_Emissions,56576,2014,27730000
CDP+Scope_1_Emissions,56593,2014,160223
CDP+Scope_1_Emissions,56645,2014,9123
CDP+Scope_1_Emissions,56672,2014,403136
CDP+Scope_1_Emissions,56676,2014,959865
CDP+Scope_1_Emissions,56685,2014,104062
CDP+Scope_1_Emissions,56711,2014,40704
CDP+Scope_1_Emissions,56715,2014,49385
CDP+Scope_1_Emissions,56719,2014,841978
CDP+Scope_1_Emissions,56731,2014,791682
CDP+Scope_1_Emissions,56739,2014,Unknown
CDP+Scope_1_Emissions,56763,2014,321370
CDP+Scope_1_Emissions,56775,2014,338481.69
CDP+Scope_1_Emissions,56779,2014,24226.61
CDP+Scope_1_Emissions,56816,2014,659248
CDP+Scope_1_Emissions,56820,2014,182000
CDP+Scope_1_Emissions,56864,2014,556562
CDP+Scope_1_Emissions,57013,2014,115.06
CDP+Scope_1_Emissions,57053,2014,59041.07
CDP+Scope_1_Emissions,57183,2014,139670
CDP+Scope_1_Emissions,57187,2014,109094
CDP+Scope_1_Emissions,57199,2014,626854
CDP+Scope_1_Emissions,57215,2014,592170
CDP+Scope_1_Emissions,57227,2014,157357
CDP+Scope_1_Emissions,57288,2014,49378
CDP+Scope_1_Emissions,57332,2014,1032297
CDP+Scope_1_Emissions,57340,2014,129
CDP+Scope_1_Emissions,57356,2014,35580
CDP+Scope_1_Emissions,57417,2014,32749
CDP+Scope_1_Emissions,57673,2014,1469.65
CDP+Scope_1_Emissions,57693,2014,30848
CDP+Scope_1_Emissions,57758,2014,39688
CDP+Scope_1_Emissions,57874,2014,919287
CDP+Scope_1_Emissions,57882,2014,958786
CDP+Scope_1_Emissions,58127,2014,73740
CDP+Scope_1_Emissions,58139,2014,6317868
CDP+Scope_1_Emissions,58271,2014,12422701
CDP+Scope_1_Emissions,58315,2014,18468
CDP+Scope_1_Emissions,59006,2014,26793
CDP+Scope_1_Emissions,59090,2014,10076
CDP+Scope_1_Emissions,60906,2014,10571
CDP+Scope_1_Emissions,60937,2014,61796.98
CDP+Scope_1_Emissions,60952,2014,100377.82
CDP+Scope_1_Emissions,60959,2014,616036
CDP+Scope_1_Emissions,61023,2014,7556
CDP+Scope_1_Emissions,61077,2014,80798.6
CDP+Scope_1_Emissions,61082,2014,660800
CDP+Scope_1_Emissions,61104,2014,84702
CDP+Scope_1_Emissions,61108,2014,1568933
CDP+Scope_1_Emissions,170683,2014,Unknown
CDP+Scope_1_Emissions,170729,2014,14228
CDP+Scope_1_Emissions,170726,2014,560.4
CDP+Scope_1_Emissions,170718,2014,13864
CDP+Scope_1_Emissions,170715,2014,48944
CDP+Scope_1_Emissions,170712,2014,Unknown
CDP+Scope_1_Emissions,170699,2014,226852
CDP+Scope_1_Emissions,170695,2014,2584
CDP+Scope_1_Emissions,170691,2014,44076
CDP+Scope_1_Emissions,170667,2014,366658.86
CDP+Scope_1_Emissions,170648,2014,89325
CDP+Scope_1_Emissions,170651,2014,69009
CDP+Scope_1_Emissions,170655,2014,26.1
CDP+Scope_1_Emissions,170659,2014,424329
CDP+Scope_1_Emissions,170675,2014,152423
CDP+Scope_1_Emissions,170679,2014,1293
CDP+Scope_1_Emissions,47762,2014,13928770
CDP+Scope_1_Emissions,47811,2014,41.07
CDP+Scope_1_Emissions,47825,2014,861
CDP+Scope_1_Emissions,47832,2014,101236
CDP+Scope_1_Emissions,47876,2014,13953
CDP+Scope_1_Emissions,47931,2014,347000
CDP+Scope_1_Emissions,47951,2014,2266653
CDP+Scope_1_Emissions,47963,2014,9789.35
CDP+Scope_1_Emissions,48132,2014,6858
CDP+Scope_1_Emissions,48277,2014,741589
CDP+Scope_1_Emissions,48357,2014,305
CDP+Scope_1_Emissions,48388,2014,44285
CDP+Scope_1_Emissions,48391,2014,500943
CDP+Scope_1_Emissions,48469,2014,1123
CDP+Scope_1_Emissions,48508,2014,21531
CDP+Scope_1_Emissions,48545,2014,2170000
CDP+Scope_1_Emissions,48562,2014,8702
CDP+Scope_1_Emissions,48921,2014,43337542
CDP+Scope_1_Emissions,48953,2014,665155
CDP+Scope_1_Emissions,48960,2014,14400
CDP+Scope_1_Emissions,48968,2014,115040
CDP+Scope_1_Emissions,49212,2014,852563
CDP+Scope_1_Emissions,49248,2014,78385
CDP+Scope_1_Emissions,49274,2014,1383.93
CDP+Scope_1_Emissions,49296,2014,256.5
CDP+Scope_1_Emissions,49378,2014,529022.99
CDP+Scope_1_Emissions,49441,2014,206749
CDP+Scope_1_Emissions,49522,2014,9771021.09
CDP+Scope_1_Emissions,49573,2014,34513
CDP+Scope_1_Emissions,49592,2014,249446
CDP+Scope_1_Emissions,49674,2014,24681
CDP+Scope_1_Emissions,49899,2014,9201
CDP+Scope_1_Emissions,49991,2014,103690
CDP+Scope_1_Emissions,50010,2014,248463
CDP+Scope_1_Emissions,50178,2014,80332
CDP+Scope_1_Emissions,50223,2014,25862.61
CDP+Scope_1_Emissions,50284,2014,376313
CDP+Scope_1_Emissions,50479,2014,124217
CDP+Scope_1_Emissions,50991,2014,130162
CDP+Scope_1_Emissions,51051,2014,42022
CDP+Scope_1_Emissions,55944,2014,63452
CDP+Scope_1_Emissions,55988,2014,50152.39
CDP+Scope_1_Emissions,56019,2014,4550000
CDP+Scope_1_Emissions,56046,2014,7305.1
CDP+Scope_1_Emissions,56066,2014,396424
CDP+Scope_1_Emissions,56108,2014,14823.7
CDP+Scope_1_Emissions,56138,2014,31458
CDP+Scope_1_Emissions,56142,2014,10253
CDP+Scope_1_Emissions,56165,2014,7560
CDP+Scope_1_Emissions,56177,2014,46184
CDP+Scope_1_Emissions,56203,2014,1776000
CDP+Scope_1_Emissions,56210,2014,52499
CDP+Scope_1_Emissions,56214,2014,5125
CDP+Scope_1_Emissions,56222,2014,17383
CDP+Scope_1_Emissions,56226,2014,16721
CDP+Scope_1_Emissions,56230,2014,28090
CDP+Scope_1_Emissions,56259,2014,19028
CDP+Scope_1_Emissions,56307,2014,25486
CDP+Scope_1_Emissions,56314,2014,406476
CDP+Scope_1_Emissions,56327,2014,37843
CDP+Scope_1_Emissions,56347,2014,216206
CDP+Scope_1_Emissions,56351,2014,643547
CDP+Scope_1_Emissions,56359,2014,14764
CDP+Scope_1_Emissions,56363,2014,2787000
CDP+Scope_1_Emissions,56368,2014,72192
CDP+Scope_1_Emissions,56372,2014,1409000
CDP+Scope_1_Emissions,56392,2014,210850
CDP+Scope_1_Emissions,56417,2014,17396.4
CDP+Scope_1_Emissions,56425,2014,129739
CDP+Scope_1_Emissions,56431,2014,16106
CDP+Scope_1_Emissions,56458,2014,87254
CDP+Scope_1_Emissions,56477,2014,474244
CDP+Scope_1_Emissions,56481,2014,1051600
CDP+Scope_1_Emissions,56539,2014,378993
CDP+Scope_1_Emissions,56559,2014,49517
CDP+Scope_1_Emissions,56567,2014,67076
CDP+Scope_1_Emissions,56572,2014,5120000
CDP+Scope_1_Emissions,56576,2014,27730000
CDP+Scope_1_Emissions,56593,2014,160223
CDP+Scope_1_Emissions,56645,2014,9123
CDP+Scope_1_Emissions,56672,2014,403136
CDP+Scope_1_Emissions,56676,2014,959865
CDP+Scope_1_Emissions,56685,2014,104062
CDP+Scope_1_Emissions,56711,2014,40704
CDP+Scope_1_Emissions,56715,2014,49385
CDP+Scope_1_Emissions,56719,2014,841978
CDP+Scope_1_Emissions,56731,2014,791682
CDP+Scope_1_Emissions,56739,2014,Unknown
CDP+Scope_1_Emissions,56763,2014,321370
CDP+Scope_1_Emissions,56775,2014,338481.69
CDP+Scope_1_Emissions,56779,2014,24226.61
CDP+Scope_1_Emissions,56816,2014,659248
CDP+Scope_1_Emissions,56820,2014,182000
CDP+Scope_1_Emissions,56864,2014,556562
CDP+Scope_1_Emissions,57013,2014,115.06
CDP+Scope_1_Emissions,57053,2014,59041.07
CDP+Scope_1_Emissions,57183,2014,139670
CDP+Scope_1_Emissions,57187,2014,109094
CDP+Scope_1_Emissions,57199,2014,626854
CDP+Scope_1_Emissions,57215,2014,592170
CDP+Scope_1_Emissions,57227,2014,157357
CDP+Scope_1_Emissions,57288,2014,49378
CDP+Scope_1_Emissions,57332,2014,1032297
CDP+Scope_1_Emissions,57340,2014,129
CDP+Scope_1_Emissions,57356,2014,35580
CDP+Scope_1_Emissions,57417,2014,32749
CDP+Scope_1_Emissions,57673,2014,1469.65
CDP+Scope_1_Emissions,57693,2014,30848
CDP+Scope_1_Emissions,57758,2014,39688
CDP+Scope_1_Emissions,57874,2014,919287
CDP+Scope_1_Emissions,57882,2014,958786
CDP+Scope_1_Emissions,58127,2014,73740
CDP+Scope_1_Emissions,58139,2014,6317868
CDP+Scope_1_Emissions,58271,2014,12422701
CDP+Scope_1_Emissions,58315,2014,18468
CDP+Scope_1_Emissions,59006,2014,26793
CDP+Scope_1_Emissions,59090,2014,10076
CDP+Scope_1_Emissions,60906,2014,10571
CDP+Scope_1_Emissions,60937,2014,61796.98
CDP+Scope_1_Emissions,60952,2014,100377.82
CDP+Scope_1_Emissions,60959,2014,616036
CDP+Scope_1_Emissions,61023,2014,7556
CDP+Scope_1_Emissions,61077,2014,80798.6
CDP+Scope_1_Emissions,61082,2014,660800
CDP+Scope_1_Emissions,61104,2014,84702
CDP+Scope_1_Emissions,61108,2014,1568933
CDP+Scope_1_Emissions,61168,2014,1052000
CDP+Scope_1_Emissions,61240,2014,1103822.66
CDP+Scope_1_Emissions,61271,2014,1226653
CDP+Scope_1_Emissions,61311,2014,154755
CDP+Scope_1_Emissions,63220,2014,11323
CDP+Scope_1_Emissions,66700,2014,11770000
CDP+Scope_1_Emissions,74827,2014,79855
CDP+Scope_1_Emissions,117737,2014,1482020
CDP+Scope_1_Emissions,126370,2014,2480
CDP+Scope_1_Emissions,126698,2014,193100
CDP+Scope_1_Emissions,127377,2014,335731
CDP+Scope_1_Emissions,130172,2014,1322
CDP+Scope_1_Emissions,135104,2014,677890
CDP+Scope_1_Emissions,160884,2014,156755
CDP+Scope_1_Emissions,169684,2014,1198185
CDP+Scope_1_Emissions,170561,2014,1930
CDP+Scope_1_Emissions,170564,2014,5191
CDP+Scope_1_Emissions,170568,2014,11636
CDP+Scope_1_Emissions,170572,2014,3343
CDP+Scope_1_Emissions,170576,2014,34477.74
CDP+Scope_1_Emissions,170579,2014,96858
CDP+Scope_1_Emissions,170582,2014,5427.34
CDP+Scope_1_Emissions,170586,2014,7066
CDP+Scope_1_Emissions,170590,2014,61053
CDP+Scope_1_Emissions,170593,2014,9130
CDP+Scope_1_Emissions,170596,2014,86818
CDP+Scope_1_Emissions,170601,2014,1024335
CDP+Scope_1_Emissions,170608,2014,27260
CDP+Scope_1_Emissions,170611,2014,206
CDP+Scope_1_Emissions,170615,2014,54819
CDP+Scope_1_Emissions,170619,2014,408492
CDP+Scope_1_Emissions,170628,2014,7090
CDP+Scope_1_Emissions,170632,2014,7816
CDP+Scope_1_Emissions,170636,2014,4718
CDP+Scope_1_Emissions,170640,2014,486
CDP+Scope_1_Emissions,170644,2014,1394421
CDP+Scope_1_Emissions,170648,2014,89325
CDP+Scope_1_Emissions,170651,2014,69009
CDP+Scope_1_Emissions,170655,2014,26.1
CDP+Scope_1_Emissions,170659,2014,424329
CDP+Scope_1_Emissions,170667,2014,366658.86
CDP+Scope_1_Emissions,170671,2014,8189
CDP+Scope_1_Emissions,170675,2014,152423
CDP+Scope_1_Emissions,170679,2014,1293
CDP+Scope_1_Emissions,170683,2014,Unknown
CDP+Scope_1_Emissions,170691,2014,44076
CDP+Scope_1_Emissions,170695,2014,2584
CDP+Scope_1_Emissions,170699,2014,226852
CDP+Scope_1_Emissions,170712,2014,Unknown
CDP+Scope_1_Emissions,170715,2014,48944
CDP+Scope_1_Emissions,170718,2014,13864
CDP+Scope_1_Emissions,170726,2014,560.4
CDP+Scope_1_Emissions,170729,2014,14228
CDP+Scope_1_Emissions,170741,2014,2404
CDP+Scope_1_Emissions,170744,2014,2934465
CDP+Scope_1_Emissions,170747,2014,251019
CDP+Scope_1_Emissions,170750,2014,1628
CDP+Scope_1_Emissions,170755,2014,60714
CDP+Scope_1_Emissions,170759,2014,74946
CDP+Scope_1_Emissions,170772,2014,322
CDP+Scope_1_Emissions,170775,2014,3749
CDP+Scope_1_Emissions,795247,2014,114033
CDP+Scope_1_Emissions,837829,2014,492798
CDP+Scope_1_Emissions,965698,2014,5071
CDP+Scope_1_Emissions,965750,2014,5115
CDP+Scope_1_Emissions,1182714,2014,95665
CDP+Scope_1_Emissions,2432965,2014,3122
CDP+Scope_1_Emissions,2624287,2014,207900
CDP+Scope_1_Emissions,2637516,2014,232712
CDP+Scope_1_Emissions,3400266,2014,1424644
CDP+Scope_2_Emissions,9269,2019,248
CDP+Scope_2_Emissions,56203,2018,110
CDP+Scope_2_Emissions,9269,2018,248
CDP+Scope_2_Emissions,56864,2018,460527
CDP+Scope_2_Emissions,3400266,2017,Unknown
CDP+Scope_2_Emissions,3986,2017,1970000
CDP+Scope_2_Emissions,2674483,2017,293220
CDP+Scope_2_Emissions,2615426,2017,9917000
CDP+Scope_2_Emissions,975152,2017,24.13268
CDP+Scope_2_Emissions,6446,2017,920124
CDP+Scope_2_Emissions,56203,2017,110
CDP+Scope_2_Emissions,3400266,2016,51295
CDP+Scope_2_Emissions,6446,2016,Unknown
CDP+Scope_2_Emissions,56165,2016,68968
CDP+Scope_2_Emissions,8979,2016,322972
CDP+Scope_2_Emissions,170593,2016,22030
CDP+Scope_2_Emissions,44417,2016,185000
CDP+Scope_2_Emissions,3400266,2015,62.957
CDP+Scope_2_Emissions,56165,2015,67074
CDP+Scope_2_Emissions,56351,2014,968172
CDP+Scope_2_Emissions,56226,2014,72149
CDP+Scope_2_Emissions,56359,2014,426026
CDP+Scope_2_Emissions,56363,2014,4824000
CDP+Scope_2_Emissions,56368,2014,151277
CDP+Scope_2_Emissions,56372,2014,3798000
CDP+Scope_2_Emissions,56392,2014,570743
CDP+Scope_2_Emissions,56417,2014,46871.5
CDP+Scope_2_Emissions,56425,2014,1753313
CDP+Scope_2_Emissions,56431,2014,37202
CDP+Scope_2_Emissions,56458,2014,308207
CDP+Scope_2_Emissions,56477,2014,1129156
CDP+Scope_2_Emissions,56481,2014,808700
CDP+Scope_2_Emissions,56539,2014,884874
CDP+Scope_2_Emissions,56559,2014,732096
CDP+Scope_2_Emissions,56567,2014,368208.87
CDP+Scope_2_Emissions,56572,2014,490000
CDP+Scope_2_Emissions,56576,2014,7570000
CDP+Scope_2_Emissions,56593,2014,278665
CDP+Scope_2_Emissions,56645,2014,317446
CDP+Scope_2_Emissions,56672,2014,418214
CDP+Scope_2_Emissions,56676,2014,705558
CDP+Scope_2_Emissions,56685,2014,1272278
CDP+Scope_2_Emissions,56711,2014,40700
CDP+Scope_2_Emissions,56715,2014,157996
CDP+Scope_2_Emissions,56719,2014,1598307
CDP+Scope_2_Emissions,56731,2014,2638533
CDP+Scope_2_Emissions,56739,2014,12907
CDP+Scope_2_Emissions,56763,2014,2385384
CDP+Scope_2_Emissions,56775,2014,3421671.98
CDP+Scope_2_Emissions,56779,2014,86320.59
CDP+Scope_2_Emissions,56816,2014,1857385
CDP+Scope_2_Emissions,56820,2014,70243
CDP+Scope_2_Emissions,56864,2014,2562162
CDP+Scope_2_Emissions,57013,2014,20715.09
CDP+Scope_2_Emissions,57053,2014,52695.98
CDP+Scope_2_Emissions,57183,2014,595950
CDP+Scope_2_Emissions,57187,2014,10780
CDP+Scope_2_Emissions,57199,2014,735961
CDP+Scope_2_Emissions,57227,2014,763176
CDP+Scope_2_Emissions,57288,2014,41376
CDP+Scope_2_Emissions,57332,2014,1996592
CDP+Scope_2_Emissions,57340,2014,12438
CDP+Scope_2_Emissions,57356,2014,832431
CDP+Scope_2_Emissions,57417,2014,80456
CDP+Scope_2_Emissions,57673,2014,11125.22
CDP+Scope_2_Emissions,57693,2014,224333
CDP+Scope_2_Emissions,57758,2014,48794
CDP+Scope_2_Emissions,57874,2014,594055
CDP+Scope_2_Emissions,57882,2014,1481826
CDP+Scope_2_Emissions,58127,2014,242641
CDP+Scope_2_Emissions,58139,2014,612223
CDP+Scope_2_Emissions,58271,2014,209801
CDP+Scope_2_Emissions,58315,2014,100936
CDP+Scope_2_Emissions,59006,2014,4677
CDP+Scope_2_Emissions,59090,2014,153226
CDP+Scope_2_Emissions,60906,2014,22295
CDP+Scope_2_Emissions,60937,2014,64787.55
CDP+Scope_2_Emissions,60952,2014,67634.43
CDP+Scope_2_Emissions,60959,2014,85352
CDP+Scope_2_Emissions,61023,2014,113503
CDP+Scope_2_Emissions,61077,2014,206955.75
CDP+Scope_2_Emissions,61082,2014,655382
CDP+Scope_2_Emissions,61104,2014,178783
CDP+Scope_2_Emissions,61108,2014,2671829
CDP+Scope_2_Emissions,170679,2014,3027
CDP+Scope_2_Emissions,170726,2014,2189.1
CDP+Scope_2_Emissions,170718,2014,9226
CDP+Scope_2_Emissions,170715,2014,165180
CDP+Scope_2_Emissions,170712,2014,71014
CDP+Scope_2_Emissions,170699,2014,43957
CDP+Scope_2_Emissions,170695,2014,25725
CDP+Scope_2_Emissions,170691,2014,356061
CDP+Scope_2_Emissions,170683,2014,7251
CDP+Scope_2_Emissions,170659,2014,1561135
CDP+Scope_2_Emissions,170644,2014,690524
CDP+Scope_2_Emissions,170648,2014,317067
CDP+Scope_2_Emissions,170651,2014,28683
CDP+Scope_2_Emissions,170655,2014,2197
CDP+Scope_2_Emissions,170671,2014,20163
CDP+Scope_2_Emissions,170675,2014,311333
CDP+Scope_2_Emissions,47758,2014,9543
CDP+Scope_2_Emissions,47762,2014,970652
CDP+Scope_2_Emissions,47811,2014,6183.63
CDP+Scope_2_Emissions,47825,2014,26427
CDP+Scope_2_Emissions,47832,2014,94584
CDP+Scope_2_Emissions,47876,2014,21196
CDP+Scope_2_Emissions,47931,2014,455000
CDP+Scope_2_Emissions,47951,2014,2856488
CDP+Scope_2_Emissions,47963,2014,31951.87
CDP+Scope_2_Emissions,48132,2014,8611
CDP+Scope_2_Emissions,48277,2014,1013993
CDP+Scope_2_Emissions,48357,2014,327
CDP+Scope_2_Emissions,48388,2014,7059
CDP+Scope_2_Emissions,48391,2014,101031
CDP+Scope_2_Emissions,48469,2014,3307
CDP+Scope_2_Emissions,48508,2014,78514
CDP+Scope_2_Emissions,48545,2014,287000
CDP+Scope_2_Emissions,48562,2014,36120
CDP+Scope_2_Emissions,48921,2014,10197
CDP+Scope_2_Emissions,48953,2014,2800632
CDP+Scope_2_Emissions,48960,2014,116800
CDP+Scope_2_Emissions,48968,2014,34400
CDP+Scope_2_Emissions,49168,2014,725580
CDP+Scope_2_Emissions,49212,2014,1550553
CDP+Scope_2_Emissions,49248,2014,150825
CDP+Scope_2_Emissions,49274,2014,287.4
CDP+Scope_2_Emissions,49296,2014,882
CDP+Scope_2_Emissions,49378,2014,2419440.2
CDP+Scope_2_Emissions,49441,2014,123415
CDP+Scope_2_Emissions,49522,2014,874145.73
CDP+Scope_2_Emissions,49573,2014,39566
CDP+Scope_2_Emissions,49592,2014,160649
CDP+Scope_2_Emissions,49899,2014,44842
CDP+Scope_2_Emissions,49991,2014,326119
CDP+Scope_2_Emissions,50010,2014,1381299
CDP+Scope_2_Emissions,50178,2014,107727
CDP+Scope_2_Emissions,50223,2014,285206.92
CDP+Scope_2_Emissions,50284,2014,722810
CDP+Scope_2_Emissions,50479,2014,205344
CDP+Scope_2_Emissions,50991,2014,127643
CDP+Scope_2_Emissions,51051,2014,151574
CDP+Scope_2_Emissions,55944,2014,85055
CDP+Scope_2_Emissions,55988,2014,117669.31
CDP+Scope_2_Emissions,56019,2014,2230000
CDP+Scope_2_Emissions,56046,2014,68774.16
CDP+Scope_2_Emissions,56066,2014,233406
CDP+Scope_2_Emissions,56108,2014,189651.7
CDP+Scope_2_Emissions,56138,2014,45692
CDP+Scope_2_Emissions,56142,2014,515347
CDP+Scope_2_Emissions,56165,2014,73153
CDP+Scope_2_Emissions,56177,2014,150979
CDP+Scope_2_Emissions,56203,2014,1682000
CDP+Scope_2_Emissions,56210,2014,189226
CDP+Scope_2_Emissions,56214,2014,8825
CDP+Scope_2_Emissions,56222,2014,242119
CDP+Scope_2_Emissions,56226,2014,72149
CDP+Scope_2_Emissions,56230,2014,222892
CDP+Scope_2_Emissions,56259,2014,180997
CDP+Scope_2_Emissions,56307,2014,948
CDP+Scope_2_Emissions,56314,2014,362763
CDP+Scope_2_Emissions,56327,2014,88981
CDP+Scope_2_Emissions,56347,2014,1674777
CDP+Scope_2_Emissions,56351,2014,968172
CDP+Scope_2_Emissions,56359,2014,426026
CDP+Scope_2_Emissions,56363,2014,4824000
CDP+Scope_2_Emissions,56368,2014,151277
CDP+Scope_2_Emissions,56372,2014,3798000
CDP+Scope_2_Emissions,56392,2014,570743
CDP+Scope_2_Emissions,56417,2014,46871.5
CDP+Scope_2_Emissions,56425,2014,1753313
CDP+Scope_2_Emissions,56431,2014,37202
CDP+Scope_2_Emissions,56458,2014,308207
CDP+Scope_2_Emissions,56477,2014,1129156
CDP+Scope_2_Emissions,56481,2014,808700
CDP+Scope_2_Emissions,56539,2014,884874
CDP+Scope_2_Emissions,56559,2014,732096
CDP+Scope_2_Emissions,56567,2014,368208.87
CDP+Scope_2_Emissions,56572,2014,490000
CDP+Scope_2_Emissions,56576,2014,7570000
CDP+Scope_2_Emissions,56593,2014,278665
CDP+Scope_2_Emissions,56645,2014,317446
CDP+Scope_2_Emissions,56672,2014,418214
CDP+Scope_2_Emissions,56676,2014,705558
CDP+Scope_2_Emissions,56685,2014,1272278
CDP+Scope_2_Emissions,56711,2014,40700
CDP+Scope_2_Emissions,56715,2014,157996
CDP+Scope_2_Emissions,56719,2014,1598307
CDP+Scope_2_Emissions,56731,2014,2638533
CDP+Scope_2_Emissions,56739,2014,12907
CDP+Scope_2_Emissions,56763,2014,2385384
CDP+Scope_2_Emissions,56775,2014,3421671.98
CDP+Scope_2_Emissions,56779,2014,86320.59
CDP+Scope_2_Emissions,56816,2014,1857385
CDP+Scope_2_Emissions,56820,2014,70243
CDP+Scope_2_Emissions,56864,2014,2562162
CDP+Scope_2_Emissions,57013,2014,20715.09
CDP+Scope_2_Emissions,57053,2014,52695.98
CDP+Scope_2_Emissions,57183,2014,595950
CDP+Scope_2_Emissions,57187,2014,10780
CDP+Scope_2_Emissions,57199,2014,735961
CDP+Scope_2_Emissions,57227,2014,763176
CDP+Scope_2_Emissions,57288,2014,41376
CDP+Scope_2_Emissions,57332,2014,1996592
CDP+Scope_2_Emissions,57340,2014,12438
CDP+Scope_2_Emissions,57356,2014,832431
CDP+Scope_2_Emissions,57417,2014,80456
CDP+Scope_2_Emissions,57673,2014,11125.22
CDP+Scope_2_Emissions,57693,2014,224333
CDP+Scope_2_Emissions,57758,2014,48794
CDP+Scope_2_Emissions,57874,2014,594055
CDP+Scope_2_Emissions,57882,2014,1481826
CDP+Scope_2_Emissions,58127,2014,242641
CDP+Scope_2_Emissions,58139,2014,612223
CDP+Scope_2_Emissions,58271,2014,209801
CDP+Scope_2_Emissions,58315,2014,100936
CDP+Scope_2_Emissions,59006,2014,4677
CDP+Scope_2_Emissions,59090,2014,153226
CDP+Scope_2_Emissions,60906,2014,22295
CDP+Scope_2_Emissions,60937,2014,64787.55
CDP+Scope_2_Emissions,60952,2014,67634.43
CDP+Scope_2_Emissions,60959,2014,85352
CDP+Scope_2_Emissions,61023,2014,113503
CDP+Scope_2_Emissions,61077,2014,206955.75
CDP+Scope_2_Emissions,61082,2014,655382
CDP+Scope_2_Emissions,61104,2014,178783
CDP+Scope_2_Emissions,61108,2014,2671829
CDP+Scope_2_Emissions,61168,2014,2304000
CDP+Scope_2_Emissions,61240,2014,300472.49
CDP+Scope_2_Emissions,61271,2014,1895713
CDP+Scope_2_Emissions,61311,2014,65601
CDP+Scope_2_Emissions,63220,2014,248886
CDP+Scope_2_Emissions,66700,2014,828000
CDP+Scope_2_Emissions,74827,2014,434816
CDP+Scope_2_Emissions,117737,2014,3340267
CDP+Scope_2_Emissions,126370,2014,1970
CDP+Scope_2_Emissions,126698,2014,1466000
CDP+Scope_2_Emissions,127377,2014,2623838
CDP+Scope_2_Emissions,130172,2014,12414
CDP+Scope_2_Emissions,135104,2014,582603
CDP+Scope_2_Emissions,160884,2014,319408
CDP+Scope_2_Emissions,169684,2014,2980135
CDP+Scope_2_Emissions,170561,2014,12577
CDP+Scope_2_Emissions,170564,2014,11195
CDP+Scope_2_Emissions,170568,2014,144632
CDP+Scope_2_Emissions,170572,2014,10130
CDP+Scope_2_Emissions,170576,2014,11753.78
CDP+Scope_2_Emissions,170579,2014,436220
CDP+Scope_2_Emissions,170582,2014,105812.49
CDP+Scope_2_Emissions,170586,2014,71426
CDP+Scope_2_Emissions,170590,2014,32845
CDP+Scope_2_Emissions,170593,2014,26065
CDP+Scope_2_Emissions,170596,2014,76255
CDP+Scope_2_Emissions,170601,2014,53163
CDP+Scope_2_Emissions,170608,2014,195246
CDP+Scope_2_Emissions,170611,2014,75645
CDP+Scope_2_Emissions,170615,2014,102673
CDP+Scope_2_Emissions,170619,2014,323559
CDP+Scope_2_Emissions,170628,2014,86925
CDP+Scope_2_Emissions,170632,2014,4500
CDP+Scope_2_Emissions,170636,2014,4702
CDP+Scope_2_Emissions,170640,2014,59351
CDP+Scope_2_Emissions,170644,2014,690524
CDP+Scope_2_Emissions,170648,2014,317067
CDP+Scope_2_Emissions,170651,2014,28683
CDP+Scope_2_Emissions,170655,2014,2197
CDP+Scope_2_Emissions,170659,2014,1561135
CDP+Scope_2_Emissions,170667,2014,216121.89
CDP+Scope_2_Emissions,170671,2014,20163
CDP+Scope_2_Emissions,170675,2014,311333
CDP+Scope_2_Emissions,170679,2014,3027
CDP+Scope_2_Emissions,170683,2014,7251
CDP+Scope_2_Emissions,170691,2014,356061
CDP+Scope_2_Emissions,170695,2014,25725
CDP+Scope_2_Emissions,170699,2014,43957
CDP+Scope_2_Emissions,170712,2014,71014
CDP+Scope_2_Emissions,170715,2014,165180
CDP+Scope_2_Emissions,170718,2014,9226
CDP+Scope_2_Emissions,170726,2014,2189.1
CDP+Scope_2_Emissions,170729,2014,16264
CDP+Scope_2_Emissions,170741,2014,5511
CDP+Scope_2_Emissions,170744,2014,8831
CDP+Scope_2_Emissions,170750,2014,33540
CDP+Scope_2_Emissions,170755,2014,162311
CDP+Scope_2_Emissions,170759,2014,Unknown
CDP+Scope_2_Emissions,170772,2014,3643
CDP+Scope_2_Emissions,170775,2014,51500
CDP+Scope_2_Emissions,795247,2014,257327
CDP+Scope_2_Emissions,837829,2014,922843
CDP+Scope_2_Emissions,965698,2014,61975
CDP+Scope_2_Emissions,965750,2014,291722
CDP+Scope_2_Emissions,1182714,2014,286337
CDP+Scope_2_Emissions,2432965,2014,7058
CDP+Scope_2_Emissions,2624287,2014,1587100
CDP+Scope_2_Emissions,2637516,2014,438018
CDP+Scope_2_Emissions,3400266,2014,53898
