Symbol,marketCap,enterpriseValue,totalRevenue,ebitda,operatingMargins,totalDebt,totalCash,freeCashflow,beta,enterpriseToEbitda,sector,industry,country
MMM,85078728704.0,92988727296.0,25180000256.0,6488000000.0,0.20354,13159999488.0,5303000064.0,6350125056.0,1.074,14.332,Industrials,Conglomerates,United States
AOS,7799793152.0,8295692800.0,3804900096.0,783699968.0,0.18929,677200000.0,181300000.0,484612512.0,1.153,10.585,Industrials,Specialty Industrial Machinery,United States
ABT,176412573696.0,204181569536.0,46584999936.0,11681000448.0,0.14706999,32719998976.0,5602999808.0,7209124864.0,0.586,17.48,Healthcare,Medical Devices,United States
ABBV,454361186304.0,518724190208.0,64385998848.0,30762999808.0,0.40035,70884999168.0,6568999936.0,16870250496.0,0.281,16.862,Healthcare,Drug Manufacturers - General,United States
ACN,112536141824.0,112370507776.0,73100591104.0,12943767552.0,0.16964,8388769792.0,10171567104.0,12089380864.0,1.092,8.681,Technology,Information Technology Services,Ireland
ADBE,100261421056.0,100753850368.0,25969999872.0,9754999808.0,0.34822,6761999872.0,5639000064.0,9129875456.0,1.417,10.328,Technology,Software - Application,United States
AMD,842569351168.0,833734311936.0,41305001984.0,9562000384.0,0.1725,4276000000.0,13111000064.0,8841499648.0,2.476,87.192,Technology,Semiconductors,United States
AES,10551757824.0,49523757056.0,13054000128.0,4070000128.0,0.18673,32942999552.0,1852999936.0,-3089125120.0,0.95,12.168,Utilities,Utilities - Diversified,United States
AFL,57794854912.0,65035853824.0,18069000192.0,6064999936.0,0.25722998,16176000000.0,8935000064.0,5152249856.0,0.58,10.723,Financial Services,Insurance - Life,United States
A,41429237760.0,43813806080.0,7372000256.0,2080000000.0,0.25559,4148000000.0,1758000000.0,1060374976.0,1.241,21.064,Healthcare,Diagnostics & Research,United States
APD,64897245184.0,84881047552.0,12602200064.0,4652199936.0,0.25536,18271199232.0,1000000000.0,-1497500032.0,0.754,18.245,Basic Materials,Specialty Chemicals,United States
ABNB,101907333120.0,90768588800.0,13159000064.0,2760999936.0,0.21009001,2496000000.0,12069000192.0,3206874880.0,1.161,32.875,Consumer Cyclical,Travel Services,United States
AKAM,15347496960.0,21331095552.0,4322833920.0,1079897984.0,0.076290004,9338986496.0,3355386880.0,710060096.0,0.635,19.753,Technology,Software - Infrastructure,United States
ALB,13867954176.0,16728993792.0,5907904000.0,1482468992.0,0.2771,1998937984.0,1631687936.0,1334340224.0,1.334,11.285,Basic Materials,Specialty Chemicals,United States
ARE,8800952320.0,25229731840.0,2840326912.0,1781940992.0,0.17282,13167778816.0,470448992.0,1344973952.0,1.168,14.159,Real Estate,REIT - Office,United States
ALGN,10714231808.0,9732481024.0,4139532032.0,925662016.0,0.18247,120842000.0,1102590976.0,594111360.0,1.643,10.514,Healthcare,Medical Instruments & Supplies,United States
ALLE,13040391168.0,14942091264.0,4288499968.0,1049299968.0,0.22102,2222299904.0,320600000.0,484449984.0,0.841,14.24,Industrials,Security & Protection Services,Ireland
LNT,17439490048.0,29532489728.0,4429000192.0,1828999936.0,0.19053,12117999616.0,25000000.0,-1138625024.0,0.532,16.147,Utilities,Utilities - Regulated Electric,United States
ALL,64152592384.0,67915591680.0,70137004032.0,17116000256.0,0.22827,7496999936.0,5714999808.0,15158625280.0,0.15,3.968,Financial Services,Insurance - Property & Casualty,United States
GOOGL,4139833098240.0,4036194992128.0,445865984000.0,173164003328.0,0.34033,120790999040.0,242473992192.0,22665000960.0,1.225,23.309,Communication Services,Internet Content & Information,United States
GOOG,4102531842048.0,3998893473792.0,445865984000.0,173164003328.0,0.34033,120790999040.0,242473992192.0,22665000960.0,1.225,23.093,Communication Services,Internet Content & Information,United States
MO,115178938368.0,137438937088.0,20444000256.0,15735000064.0,0.7612,24576999424.0,2367000064.0,9014625280.0,0.494,8.735,Consumer Defensive,Tobacco,United States
AMZN,2769709432832.0,2898356600832.0,775680032768.0,168911994880.0,0.13689,251635007488.0,122988003328.0,3219124992.0,1.443,17.159,Consumer Cyclical,Internet Retail,United States
AMCR,19566469120.0,33585541120.0,23505999872.0,3536000000.0,0.09691,15139999744.0,1115000064.0,1504000000.0,0.595,9.498,Consumer Cyclical,Packaging & Containers,Switzerland
AEE,29040859136.0,50965856256.0,8410999808.0,3910000128.0,0.25236,21808001024.0,12000000.0,-1786249984.0,0.47,13.035,Utilities,Utilities - Regulated Electric,United States
AEP,67140530176.0,121272524800.0,22791000064.0,9029000192.0,0.23251,53525000192.0,603000000.0,-5995950080.0,0.5,13.431,Utilities,Utilities - Regulated Electric,United States
AXP,219266351104.0,232606351360.0,70912999424.0,,0.2032,59092000768.0,45752000512.0,,1.048,,Financial Services,Credit Services,United States
AIG,39389544448.0,38041542656.0,26738999296.0,8145999872.0,0.19414,9127000064.0,10494999552.0,7365000192.0,0.511,4.67,Financial Services,Insurance - Diversified,United States
AMT,82871001088.0,132621197312.0,10941500416.0,7044400128.0,0.45411,44979900416.0,1762499968.0,2920012544.0,0.895,18.826,Real Estate,REIT - Specialty,United States
AWK,27362996224.0,43203993600.0,5283999744.0,2912999936.0,0.40664002,16067999744.0,227000000.0,-1785374976.0,0.58,14.831,Utilities,Utilities - Regulated Water,United States
AMP,49255481344.0,43258486784.0,19839000576.0,,0.30719998,4302000128.0,10298999808.0,2903124992.0,1.134,,Financial Services,Asset Management,United States
AME,55451418624.0,57266913280.0,7863923200.0,2500681984.0,0.26182,2310944000.0,495446016.0,1492221312.0,0.989,22.901,Industrials,Specialty Industrial Machinery,United States
AMGN,204007489536.0,247322492928.0,38094999552.0,17268000768.0,0.35548002,57303998464.0,13989000192.0,8645624832.0,0.426,14.323,Healthcare,Drug Manufacturers - General,United States
APH,206943928320.0,220466642944.0,29011599360.0,9463700480.0,0.29779,18811299840.0,5419100160.0,3818374912.0,1.242,23.296,Technology,Electronic Components,United States
ADI,183543709696.0,190382833664.0,13881744384.0,6922700800.0,0.39503,9164060672.0,2324933888.0,4147339008.0,1.205,27.501,Technology,Semiconductors,United States
AON,64208248832.0,79097249792.0,17577000960.0,5900000256.0,0.23457001,15873999872.0,1096999936.0,3190874880.0,0.66,13.406,Financial Services,Insurance Brokers,Ireland
APA,15671223296.0,20031223808.0,8572000256.0,5720000000.0,0.56331,3880999936.0,444000000.0,2146749952.0,0.366,3.502,Energy,Oil & Gas E&P,United States
APO,76168257536.0,92310257664.0,35598000128.0,,0.21952,41884000256.0,47616000000.0,,1.514,,Financial Services,Asset Management,United States
AAPL,4849207869440.0,4871152992256.0,466822987776.0,167959003136.0,0.32623002,84343996416.0,62399000576.0,107721875456.0,1.085,29.002,Technology,Consumer Electronics,United States
AMAT,362269278208.0,360382300160.0,30837000192.0,10154999808.0,0.33736,7345999872.0,9233000448.0,3075375104.0,1.597,35.488,Technology,Semiconductor Equipment & Materials,United States
APP,108830965760.0,108875300864.0,6829124096.0,5414905856.0,0.77678,3515072000.0,3053306112.0,3179956224.0,2.488,20.107,Communication Services,Advertising Agencies,United States
APTV,9455622144.0,14378621952.0,20518000640.0,3232999936.0,0.12675999,5683999744.0,761000000.0,1615874944.0,1.33,4.447,Consumer Cyclical,Auto Parts,Switzerland
ACGL,32788705280.0,33305174016.0,19232000000.0,5565000192.0,0.26584998,4286000128.0,4464000000.0,4302125056.0,0.282,5.985,Financial Services,Insurance - Diversified,Bermuda
ADM,41795534848.0,50343534592.0,82099003392.0,2995000064.0,0.04008,9342000128.0,1092999936.0,1164625024.0,0.613,16.809,Consumer Defensive,Farm Products,United States
ARES,43674984448.0,49081327616.0,5987594752.0,1430315008.0,0.19381,14872607744.0,1852358016.0,2159716096.0,1.517,34.315,Financial Services,Asset Management,United States
ANET,251727839232.0,238384529408.0,10540800000.0,4639600128.0,0.45393002,0.0,13343299584.0,3891512576.0,1.617,51.38,Technology,Computer Hardware,United States
AJG,61603868672.0,74344013824.0,15109000192.0,4288000000.0,0.1916,14106000384.0,1386000000.0,2082300032.0,0.506,17.338,Financial Services,Insurance Brokers,United States
AIZ,13931991040.0,14106190848.0,13456199680.0,1737100032.0,0.11734,2208100096.0,2033900032.0,2149574912.0,0.542,8.121,Financial Services,Insurance - Property & Casualty,United States
T,178573164544.0,344754159616.0,127238995968.0,44939001856.0,0.24786,165755994112.0,17570000896.0,10142000128.0,0.431,7.672,Communication Services,Telecom Services,United States
ATO,27577243648.0,37380157440.0,4921525760.0,2624299008.0,0.37223998,10323866624.0,520952992.0,-2220956928.0,0.594,14.244,Utilities,Utilities - Regulated Gas,United States
ADSK,44391600128.0,43941601280.0,7790000128.0,2286000128.0,0.29228002,3704999936.0,4155000064.0,3157499904.0,1.309,19.222,Technology,Software - Application,United States
ADP,106569711616.0,107854299136.0,21947400192.0,6411200000.0,0.23459,5514699776.0,4230099968.0,5243049984.0,0.83,16.823,Technology,Software - Application,United States
AZO,,59779977216.0,19986403328.0,4263984896.0,0.19082001,13086533632.0,270520000.0,903784256.0,0.34,14.02,Consumer Cyclical,Auto Parts,United States
AVY,12836996096.0,16247495680.0,9248100352.0,1496499968.0,0.13586001,3685199872.0,274700000.0,1004600000.0,0.814,10.857,Consumer Cyclical,Packaging & Containers,United States
AXON,38940344320.0,40098414592.0,3219098880.0,165106000.0,0.0517,1850605952.0,692532992.0,222160000.0,1.399,242.865,Industrials,Aerospace & Defense,United States
BKR,58627330048.0,58032328704.0,27725000704.0,4839000064.0,0.1283,16252999680.0,17024000000.0,4415000064.0,0.961,11.993,Energy,Oil & Gas Equipment & Services,United States
BALL,15855731712.0,22957731840.0,14325999616.0,2076000000.0,0.09232,7582000128.0,500000000.0,379875008.0,0.951,11.059,Consumer Cyclical,Packaging & Containers,United States
BAC,438375383040.0,384214401024.0,113931001856.0,,0.38305,788985020416.0,868142022656.0,,1.164,,Financial Services,Banks - Diversified,United States
BAX,12304504832.0,19794505728.0,11470000128.0,1884000000.0,0.14425999,9667000320.0,2150000128.0,1000374976.0,0.595,10.507,Healthcare,Medical Instruments & Supplies,United States
BDX,48443998208.0,64542990336.0,22484000768.0,6120999936.0,0.15732999,16807999488.0,709000000.0,4478374912.0,0.276,10.545,Healthcare,Medical Instruments & Supplies,United States
BRK-B,1092553998336.0,-233919627264.0,384687013888.0,130683002880.0,0.32561,128598999040.0,365513998336.0,71975247872.0,0.603,-1.79,Financial Services,Insurance - Diversified,United States
BBY,19043274752.0,20774275072.0,42201001984.0,2617999872.0,0.03896,4140999936.0,2409999872.0,1403374976.0,1.305,7.935,Consumer Cyclical,Specialty Retail,United States
TECH,11309731840.0,11333339136.0,1215038976.0,334105984.0,0.27871,289087008.0,265479008.0,229653120.0,1.275,33.921,Healthcare,Biotechnology,United States
BIIB,32084781056.0,39154880512.0,10027899904.0,3359200000.0,0.25058,8355100160.0,1284999936.0,1266987520.0,0.171,11.656,Healthcare,Drug Manufacturers - General,United States
BLK,175417425920.0,175256600576.0,27299000320.0,11116000256.0,0.35079,14968000512.0,13843000320.0,7578124800.0,1.429,15.766,Financial Services,Asset Management,United States
BX,153607716864.0,128859045888.0,15483307008.0,,0.54357,15296067584.0,2655296000.0,,1.558,,Financial Services,Asset Management,United States
XYZ,47588970496.0,47986348032.0,25041963008.0,1547908992.0,0.06999,7171312128.0,6738176000.0,-27105876.0,2.522,31.001,Technology,Software - Infrastructure,United States
BNY,110365483008.0,-15682515968.0,21415000064.0,,0.40046,90116997120.0,221603004416.0,,1.048,,Financial Services,Banks - Diversified,United States
BA,166333366272.0,195421372416.0,93994999808.0,-2900000000.0,4.0000003e-05,48362000384.0,19295000576.0,5625375232.0,1.213,-67.387,Industrials,Aerospace & Defense,United States
BKNG,130680094720.0,134390095872.0,28241000448.0,10412999680.0,0.34412,20924000256.0,17213999104.0,7725875200.0,1.068,12.906,Consumer Cyclical,Travel Services,United States
BSX,62287884288.0,74614882304.0,20995999744.0,5711000064.0,0.22895999,12624000000.0,539000000.0,2451375104.0,0.568,13.065,Healthcare,Medical Devices,United States
BMY,129998356480.0,163984359424.0,49186000896.0,18929999872.0,0.34418,45053001728.0,11066999808.0,8114375168.0,0.227,8.663,Healthcare,Drug Manufacturers - General,United States
AVGO,1728006324224.0,1763450290176.0,89103998976.0,52259999744.0,0.54307,59419000832.0,23975000064.0,30596499456.0,1.457,33.744,Technology,Semiconductors,United States
BR,19126018048.0,22242715648.0,7476800000.0,1808999936.0,0.24609,3520499968.0,403800000.0,1194499968.0,0.91,12.296,Technology,Information Technology Services,United States
BRO,22147860480.0,29320859648.0,6663000064.0,2892000000.0,0.41838002,8065999872.0,918000000.0,1642749952.0,0.582,10.139,Financial Services,Insurance Brokers,United States
BF-B,12031420416.0,14171420672.0,3915000064.0,1186000000.0,0.27552,2440999936.0,301000000.0,685625024.0,0.331,11.949,Consumer Defensive,Beverages - Wineries & Distilleries,United States
BLDR,6495598080.0,11668161536.0,14448703488.0,1022512000.0,0.033269998,5238214144.0,65651000.0,464577120.0,1.412,11.411,Industrials,Building Products & Equipment,United States
BG,23517302784.0,41247301632.0,91818999808.0,3126000128.0,0.04617,17061000192.0,788000000.0,-6475375104.0,0.66,13.195,Consumer Defensive,Farm Products,United States
BXP,11702768640.0,28767639552.0,3190220032.0,1617154048.0,0.28755,16358486016.0,495528000.0,880636864.0,1.033,17.789,Real Estate,REIT - Office,United States
CHRW,17852534784.0,19670515712.0,16996511744.0,932641024.0,0.05337,1972571008.0,154590000.0,480618368.0,0.943,21.091,Industrials,Integrated Freight & Logistics,United States
CDNS,79690465280.0,80810000384.0,5837622784.0,2155915008.0,0.28575,2651358976.0,1531835008.0,1609676544.0,1.137,37.483,Technology,Software - Application,United States
CPT,11921612800.0,15467785216.0,1581868032.0,893971008.0,0.16104001,4873028096.0,44717000.0,139679632.0,0.782,17.302,Real Estate,REIT - Residential,United States
COF,127788900352.0,130957893632.0,48109998080.0,,0.33629,48994000896.0,56639000576.0,,1.016,,Financial Services,Credit Services,United States
CAH,54555291648.0,59856289792.0,254247993344.0,4244000000.0,0.013300001,9998000128.0,4856000000.0,4752500224.0,0.519,14.104,Healthcare,Medical Distribution,United States
CCL,31159517184.0,55102517248.0,27310999552.0,7302000128.0,0.12787,26169999360.0,2243000064.0,1899374976.0,2.312,7.546,Consumer Cyclical,Travel Services,United States
CARR,47365718016.0,58740719616.0,22108000256.0,3092999936.0,0.13069001,12394000384.0,1344000000.0,861750016.0,1.298,18.992,Industrials,Building Products & Equipment,United States
CVNA,76661358592.0,53464420352.0,25058000896.0,2510000128.0,0.09219,5696999936.0,3132000000.0,424375008.0,3.497,21.301,Consumer Cyclical,Auto & Truck Dealerships,United States
CASY,22747873280.0,25111963648.0,18672330752.0,1564246016.0,0.065,2888147968.0,524059008.0,503306880.0,0.592,16.054,Consumer Cyclical,Specialty Retail,United States
CAT,376276058112.0,415476088832.0,74728996864.0,16250999808.0,0.22183001,45146001408.0,5944999936.0,5048999936.0,1.594,25.566,Industrials,Farm & Heavy Construction Machinery,United States
CBOE,29349294080.0,28575092736.0,5061300224.0,1930700032.0,0.34634,1580300032.0,2354500096.0,678249984.0,0.408,14.8,Financial Services,Financial Data & Stock Exchanges,United States
CBRE,40688222208.0,50781224960.0,43711000576.0,2214000128.0,0.03608,10805999616.0,1488999936.0,1637624960.0,1.188,22.936,Real Estate,Real Estate Services,United States
CDW,19226429440.0,25294129152.0,23500400640.0,2010899968.0,0.07345,6429499904.0,361800000.0,676787520.0,0.941,12.579,Technology,Information Technology Services,United States
COR,61364293632.0,73200181248.0,332771328000.0,5546476032.0,0.014149999,14463047680.0,2815290880.0,2043314048.0,0.574,13.198,Healthcare,Medical Distribution,United States
CNC,32811147264.0,21954148352.0,180304003072.0,4606000128.0,0.0376,16104999936.0,27057000448.0,9639624704.0,1.106,4.766,Healthcare,Healthcare Plans,United States
CNP,25762549760.0,49951551488.0,9619999744.0,3854000128.0,0.24489,24642000896.0,453000000.0,-5191875072.0,0.451,12.961,Utilities,Utilities - Regulated Electric,United States
CF,20138565632.0,24443564032.0,7738999808.0,3872999936.0,0.49325,3612999936.0,2480000000.0,1276749952.0,0.399,6.311,Basic Materials,Agricultural Inputs,United States
CRL,13403152384.0,16175003648.0,3998987008.0,849118016.0,0.15113,3034319104.0,192024992.0,468856000.0,1.405,19.049,Healthcare,Diagnostics & Research,United States
SCHW,185471254528.0,171103256576.0,26025000960.0,,0.52277,75775000576.0,96355999744.0,,0.753,,Financial Services,Capital Markets,United States
CHTR,19646515200.0,118537076736.0,54395998208.0,21814999040.0,0.23503,96710000640.0,509000000.0,2198374912.0,0.687,5.434,Communication Services,Telecom Services,United States
CVX,419900817408.0,454120800256.0,209383997440.0,50661998592.0,0.21866,37075001344.0,8529999872.0,21934000128.0,0.491,8.964,Energy,Oil & Gas Integrated,United States
CMG,45808132096.0,50549469184.0,12423758848.0,2275020032.0,0.16108,5419195904.0,677857024.0,1116464384.0,0.937,22.219,Consumer Cyclical,Restaurants,United States
CB,130496806912.0,153015795712.0,61895999488.0,14883000320.0,0.23527001,25013999616.0,7968000000.0,10488000512.0,0.382,10.281,Financial Services,Insurance - Property & Casualty,Switzerland
CHD,22332747776.0,24506247168.0,6229100032.0,1354800000.0,0.18065001,2428300032.0,254800000.0,939262528.0,0.472,18.088,Consumer Defensive,Household & Personal Products,United States
CIEN,49567752192.0,50223628288.0,6020894208.0,1025539008.0,0.18076,3285876992.0,2630000896.0,633368384.0,1.309,48.973,Technology,Communication Equipment,United States
CI,74188161024.0,99099156480.0,282382008320.0,12757999616.0,0.03985,31878000640.0,7256999936.0,7980125184.0,0.317,7.768,Healthcare,Healthcare Plans,United States
CINF,26060572672.0,25044572160.0,13953999872.0,4365000192.0,0.37202,876000000.0,1892000000.0,2984875008.0,0.545,5.738,Financial Services,Insurance - Property & Casualty,United States
CTAS,80634167296.0,83051102208.0,11264760832.0,2994993920.0,0.23688,2705957120.0,289017984.0,1464424832.0,0.913,27.73,Industrials,Specialty Business Services,United States
CSCO,442082263040.0,457349267456.0,63324999680.0,18641999872.0,0.27719,31185000448.0,15918000128.0,11182624768.0,0.992,24.533,Technology,Communication Equipment,United States
C,232861794304.0,40746774528.0,81711996928.0,,0.36229,881620025344.0,1095719976960.0,,1.097,,Financial Services,Banks - Diversified,United States
CFG,29684541440.0,34277539840.0,8160999936.0,,0.35132998,16348999680.0,13866999808.0,,0.997,,Financial Services,Banks - Regional,United States
CLX,10612905984.0,16229905408.0,6720000000.0,1140000000.0,0.12885,5598000128.0,143000000.0,110375000.0,0.544,14.237,Consumer Defensive,Household & Personal Products,United States
CME,99078471680.0,100671373312.0,6757199872.0,4771100160.0,0.65036005,3868499968.0,2275599872.0,2909012480.0,0.275,21.1,Financial Services,Financial Data & Stock Exchanges,United States
CMS,21056706560.0,40965705728.0,8812999680.0,3017999872.0,0.17167999,19300999168.0,241000000.0,-2198874880.0,0.331,13.574,Utilities,Utilities - Regulated Electric,United States
KO,379872051200.0,409927057408.0,50128998400.0,16997999616.0,0.34873,44260999168.0,16371000320.0,5218749952.0,0.342,24.116,Consumer Defensive,Beverages - Non-Alcoholic,United States
CTSH,27026653184.0,28069652480.0,21642000384.0,4036000000.0,0.17479,2094000000.0,1051000000.0,2215500032.0,0.83,6.955,Technology,Information Technology Services,United States
COHR,59801288704.0,61698646016.0,7118180864.0,1423416960.0,0.118269995,3552666880.0,1990018048.0,-649981632.0,2.104,43.345,Technology,Scientific & Technical Instruments,United States
COIN,46240059392.0,44119506944.0,6043752960.0,699548992.0,-0.13922,6668290048.0,8788842496.0,2668452864.0,3.388,63.069,Financial Services,Financial Data & Stock Exchanges,United States
CL,69194604544.0,75928600576.0,21046999040.0,4983000064.0,0.20966,7856999936.0,1452999936.0,3458374912.0,0.323,15.238,Consumer Defensive,Household & Personal Products,United States
CMCSA,89425649664.0,172337643520.0,124903997440.0,34072999936.0,0.17233999,90381000704.0,7661000192.0,12697624576.0,0.662,5.058,Communication Services,Telecom Services,United States
FIX,59507273728.0,61770354688.0,11228023808.0,2002695936.0,0.07885,303920992.0,70540000.0,1841915392.0,1.676,30.844,Industrials,Engineering & Construction,United States
COP,165003706368.0,180601700352.0,64459001856.0,26780000256.0,0.3151,23289999360.0,7692000256.0,7691375104.0,0.134,6.744,Energy,Oil & Gas E&P,United States
ED,39371956224.0,66221957120.0,17688999936.0,6161999872.0,0.16540001,28320000000.0,1470000000.0,-844875008.0,0.259,10.747,Utilities,Utilities - Regulated Electric,United States
STZ,20914993152.0,31640045568.0,9056700416.0,3455800064.0,0.35931,10533799936.0,96600000.0,2210487552.0,0.4,9.156,Consumer Defensive,Beverages - Brewers,United States
CEG,100889026560.0,125237026816.0,31270000640.0,7952000000.0,0.086619996,24700000256.0,697000000.0,-6625124864.0,1.117,15.749,Utilities,Utilities - Independent Power Producers,United States
COO,10251272192.0,12897972224.0,4236900096.0,932000000.0,0.20822,2801200128.0,154700000.0,542649984.0,0.818,13.839,Healthcare,Medical Instruments & Supplies,United States
CPRT,27728054272.0,24379287552.0,4638866944.0,1961246976.0,0.37530997,93116000.0,4199712000.0,999977152.0,1.029,12.431,Industrials,Specialty Business Services,United States
GLW,143335014400.0,150777020416.0,16963999744.0,4084999936.0,0.15649,9379000320.0,2504000000.0,734499968.0,1.151,36.91,Technology,Electronic Components,United States
CPAY,26803562496.0,34722119680.0,5020502016.0,2798278912.0,0.4692,10741731328.0,3183238912.0,1946175872.0,0.873,12.408,Technology,Software - Infrastructure,United States
CTVA,55977746432.0,58731745280.0,17812000768.0,4275000064.0,0.3013,4874999808.0,2364999936.0,2417250048.0,0.577,13.738,Basic Materials,Agricultural Inputs,United States
CSGP,12342318080.0,12244318208.0,3556000000.0,394000000.0,0.082159996,1155000064.0,1266000000.0,412700000.0,0.747,31.077,Real Estate,Real Estate Services,United States
COST,401246322688.0,399629910016.0,293586993152.0,13790000128.0,0.036730003,10227999744.0,11125999616.0,6954375168.0,0.855,28.98,Consumer Defensive,Discount Stores,United States
CRH,58910941184.0,77198942208.0,38632001536.0,7731999744.0,0.19022,19812999168.0,3024999936.0,2019124992.0,1.198,9.984,Basic Materials,Building Materials,Ireland
CRWD,211688292352.0,207532425216.0,5396145152.0,106861000.0,-0.02259,820179008.0,5013847040.0,1995385472.0,1.255,1942.078,Technology,Software - Infrastructure,United States
CCI,33045940224.0,54534938624.0,4160999936.0,2689999872.0,0.46825,23403999232.0,1042000000.0,1036249984.0,0.969,20.273,Real Estate,REIT - Specialty,United States
CSX,90678648832.0,108737626112.0,14512000000.0,6831000064.0,0.38424,19451000832.0,1390000000.0,1953250048.0,1.207,15.918,Industrials,Railroads,United States
CMI,76644696064.0,82065702912.0,34708000768.0,5020000256.0,0.11896,8286000128.0,3924000000.0,2229374976.0,1.226,16.348,Industrials,Specialty Industrial Machinery,United States
CVS,121067339776.0,183612342272.0,412644999168.0,16679999488.0,0.03861,76305997824.0,13957999616.0,8076000256.0,0.58,11.008,Healthcare,Healthcare Plans,United States
DHR,140695633920.0,164216635392.0,25106999296.0,8028000256.0,0.19777,27857999872.0,4348000256.0,4325125120.0,0.808,20.455,Healthcare,Diagnostics & Research,United States
DRI,23831279616.0,31770824704.0,13210900480.0,2115000064.0,0.14142,8046499840.0,219500000.0,790974976.0,0.59,15.022,Consumer Cyclical,Restaurants,United States
DDOG,79430983680.0,75723350016.0,3966725120.0,82897000.0,0.00666,1277800960.0,4985438208.0,1051412352.0,1.488,913.463,Technology,Software - Application,United States
DVA,11582889984.0,26145021952.0,14009646080.0,2826204928.0,0.16061,13406474240.0,688876992.0,1042460032.0,0.83,9.251,Healthcare,Medical Care Facilities,United States
DECK,11067498496.0,9956128768.0,5527288832.0,1326978944.0,0.15233,472334016.0,1602589056.0,871420352.0,1.15,7.503,Consumer Cyclical,Footwear & Accessories,United States
DE,182196666368.0,221842669568.0,47927001088.0,8600000512.0,0.17479,48473001984.0,8830000128.0,4516250112.0,0.911,25.796,Industrials,Farm & Heavy Construction Machinery,United States
DELL,360690188288.0,384404226048.0,151197007872.0,17725999104.0,0.12020001,35284000768.0,11569999872.0,6033375232.0,1.409,21.686,Technology,Computer Hardware,United States
DAL,52550660096.0,68685713408.0,68287000576.0,7506999808.0,0.07921,21084000256.0,4664999936.0,2817374976.0,1.291,9.15,Industrials,Airlines,United States
DVN,55253000192.0,66196000768.0,18780999680.0,8924000256.0,0.41077,11893000192.0,950000000.0,782625024.0,0.426,7.418,Energy,Oil & Gas E&P,United States
DXCM,31332263936.0,30783664128.0,4969200128.0,1403200000.0,0.24327,1398400000.0,1947000064.0,1021162496.0,1.419,21.938,Healthcare,Medical Devices,United States
FANG,57395654656.0,75633590272.0,16248000512.0,11779999744.0,0.48466998,12613999616.0,462000000.0,5035500032.0,0.414,6.421,Energy,Oil & Gas E&P,United States
DLR,71219822592.0,90792337408.0,6757036032.0,3210312960.0,0.25882,20074991616.0,1907729024.0,3768482048.0,1.037,28.281,Real Estate,REIT - Specialty,United States
DG,27484438528.0,41667948544.0,43637997568.0,3581925888.0,0.06813,15773100032.0,1589590016.0,1738019712.0,0.235,11.633,Consumer Defensive,Discount Stores,United States
DLTR,22172272640.0,28784971776.0,20068700160.0,2503800064.0,0.062090002,7670799872.0,1058099968.0,1049587520.0,0.662,11.497,Consumer Defensive,Discount Stores,United States
D,56606289920.0,115920289792.0,18119000064.0,8341000192.0,0.29219,53931999232.0,298000000.0,-9181124608.0,0.622,13.898,Utilities,Utilities - Regulated Electric,United States
DPZ,10308269056.0,15266285568.0,5027814912.0,1023513984.0,0.19084999,5122852864.0,164836000.0,531496512.0,0.946,14.916,Consumer Cyclical,Restaurants,United States
DASH,87504519168.0,85473058816.0,15891000320.0,1436000000.0,0.03862,3304999936.0,5346999808.0,5147500032.0,1.788,59.522,Consumer Cyclical,Internet Retail,United States
DOV,25461297152.0,26965313536.0,8420563968.0,1908990976.0,0.18691999,3259987968.0,1755970944.0,906472128.0,1.146,14.125,Industrials,Specialty Industrial Machinery,United States
DOW,20969551872.0,37676552192.0,41318998016.0,3963000064.0,0.11594,19435999232.0,4236000000.0,237624992.0,0.424,9.507,Basic Materials,Chemicals,United States
DHI,38568009728.0,44264206336.0,33350000640.0,4127399936.0,0.1299,7187899904.0,2078700032.0,2413900032.0,1.371,10.724,Consumer Cyclical,Residential Construction,United States
DTE,27588315136.0,55391318016.0,16465000448.0,3616999936.0,0.13623999,27840000000.0,42000000.0,-2596624896.0,0.388,15.314,Utilities,Utilities - Regulated Electric,United States
DUK,93112033280.0,187730034688.0,32803000320.0,16616999936.0,0.27503002,92205998080.0,673000000.0,-4477374976.0,0.364,11.297,Utilities,Utilities - Regulated Electric,United States
DD,17149107200.0,18700107776.0,6988000256.0,1583000064.0,0.14239,3179000064.0,1740000000.0,1835250048.0,1.085,11.813,Basic Materials,Specialty Chemicals,United States
ETN,165213700096.0,185889701888.0,30026000384.0,6639000064.0,0.16563,21326000128.0,695000000.0,3106125056.0,1.168,28.0,Industrials,Specialty Industrial Machinery,Ireland
EBAY,47948750848.0,51779751936.0,12007999488.0,3096000000.0,0.2157,7137999872.0,3307000064.0,1579624960.0,1.339,16.725,Consumer Cyclical,Internet Retail,United States
ECHO,27056306176.0,44181643264.0,14653925376.0,1989049984.0,0.14279,17575225344.0,496192992.0,-18870501376.0,1.009,22.212,Communication Services,Telecom Services,United States
ECL,77421150208.0,86233554944.0,16842500096.0,4135699968.0,0.18521999,13918799872.0,5135300096.0,1474824960.0,0.89,20.851,Basic Materials,Specialty Chemicals,United States
EIX,21549582336.0,66494582784.0,19423000576.0,8929999872.0,0.26899,43540000768.0,242000000.0,82375000.0,0.614,7.446,Utilities,Utilities - Regulated Electric,United States
EW,48630870016.0,45189468160.0,6512300032.0,1996800000.0,0.29839,704400000.0,4252699904.0,1232412544.0,0.852,22.631,Healthcare,Medical Devices,United States
ELV,90807508992.0,84476510208.0,201113993216.0,8323999744.0,0.04559,31043999744.0,37513998336.0,4306375168.0,0.696,10.149,Healthcare,Healthcare Plans,United States
EME,34434834432.0,34059489280.0,18597775360.0,1990525952.0,0.10618,548028032.0,924411008.0,978281600.0,1.13,17.111,Industrials,Engineering & Construction,United States
EMR,84891582464.0,96528580608.0,18635999232.0,6057999872.0,0.26924,13802000384.0,2180000000.0,3706249984.0,1.233,15.934,Industrials,Specialty Industrial Machinery,United States
ETR,50324303872.0,80233545728.0,13482226688.0,5538091008.0,0.24458,34627321856.0,3855045120.0,-4400858112.0,0.481,14.488,Utilities,Utilities - Regulated Electric,United States
EOG,77294624768.0,80637616128.0,26720999424.0,14494999552.0,0.40717998,8249999872.0,4906999808.0,4478750208.0,0.272,5.563,Energy,Oil & Gas E&P,United States
EQT,33821650944.0,42969022464.0,9293919232.0,6995361792.0,0.23372999,5655713792.0,112863000.0,2460903936.0,0.576,6.143,Energy,Oil & Gas E&P,United States
EFX,19854948352.0,25291646976.0,6444499968.0,1924300032.0,0.17305,5467100160.0,170100000.0,947537472.0,1.305,13.143,Industrials,Consulting Services,United States
EQIX,102393577472.0,124786581504.0,9904000000.0,4540000256.0,0.27021998,23356000256.0,979000000.0,3776000000.0,0.973,27.486,Real Estate,REIT - Specialty,United States
ERIE,12812585984.0,12570734592.0,4119469056.0,834972032.0,0.19096,63157000.0,305008992.0,481207744.0,0.305,15.055,Financial Services,Insurance Brokers,United States
ESS,18812475392.0,24410042368.0,1980775936.0,1230545024.0,0.33975,6748253184.0,67527000.0,1043926720.0,0.706,19.837,Real Estate,REIT - Residential,United States
EL,35137875968.0,40885878784.0,15048999936.0,2455000064.0,0.07003,9246000128.0,3497999872.0,1812125056.0,1.274,16.654,Consumer Defensive,Household & Personal Products,United States
EG,14252378112.0,14221377536.0,16824999936.0,,0.19132,3588999936.0,3620000000.0,2064625024.0,0.277,,Financial Services,Insurance - Reinsurance,Bermuda
EVRG,18818893824.0,35347791872.0,6093899776.0,2840399872.0,0.25238,16497999872.0,21800000.0,-1443362560.0,0.51,12.445,Utilities,Utilities - Regulated Electric,United States
ES,25809752064.0,53953789952.0,13998372864.0,4933026816.0,0.23923,29807785984.0,1819319040.0,811961344.0,0.698,10.937,Utilities,Utilities - Regulated Electric,United States
EXC,44465762304.0,95412084736.0,25326000128.0,8354999808.0,0.16590999,52672999424.0,1812999936.0,-2685125120.0,0.389,11.42,Utilities,Utilities - Regulated Electric,United States
EXE,21953505280.0,25018505216.0,12657999872.0,6720999936.0,0.26323998,3728000000.0,663000000.0,1466249984.0,0.323,3.722,Energy,Oil & Gas E&P,United States
EXPE,33705799680.0,33530032128.0,15699999744.0,2889999872.0,0.1898,5689999872.0,7127000064.0,3434374912.0,1.25,11.602,Consumer Cyclical,Travel Services,United States
EXPD,25036195840.0,24574402560.0,12036001792.0,1263714048.0,0.107080005,567284992.0,1031448000.0,797562240.0,1.058,19.446,Industrials,Integrated Freight & Logistics,United States
EXR,30377498624.0,43716665344.0,3511115008.0,2310663936.0,0.45882,14414687232.0,696604032.0,1499437568.0,1.176,18.92,Real Estate,REIT - Industrial,United States
XOM,682536271872.0,721047257088.0,361060007936.0,67937001472.0,0.15859,42368000000.0,10588000256.0,20671000576.0,0.175,10.613,Energy,Oil & Gas Integrated,United States
FFIV,23313977344.0,21960574976.0,3309331968.0,923304000.0,0.24649,252380000.0,1605782016.0,717135488.0,1.03,23.785,Technology,Software - Infrastructure,United States
FDS,9236726784.0,10503133184.0,2438458880.0,932542016.0,0.30542,1570642048.0,304236000.0,621161344.0,0.711,11.263,Financial Services,Financial Data & Stock Exchanges,United States
FICO,21282095104.0,26631659520.0,2393574912.0,1263363968.0,0.53787,5598009856.0,248444000.0,774413504.0,1.318,21.08,Technology,Software - Application,United States
FAST,56594579456.0,56831381504.0,8749400064.0,1954700032.0,0.21023001,441500000.0,204700000.0,916124992.0,0.713,29.074,Industrials,Industrial Distribution,United States
FRT,9997160448.0,15086169088.0,1335422976.0,837700992.0,0.35035,4851821056.0,115276000.0,456137632.0,0.919,18.009,Real Estate,REIT - Retail,United States
FDX,73838804992.0,103203962880.0,94720000000.0,11843999744.0,0.11129,42944000000.0,13550999552.0,5656625152.0,1.364,8.714,Industrials,Integrated Freight & Logistics,United States
FDXF,19184670720.0,25298671616.0,8794999808.0,989000000.0,-0.057719998,6365000192.0,251000000.0,-511124992.0,,25.58,Industrials,Integrated Freight & Logistics,United States
FERG,43050967040.0,49500966912.0,31446200320.0,3070599936.0,0.10159001,6887000064.0,437000000.0,,1.112,16.121,Industrials,Industrial Distribution,United States
FIS,19669022720.0,40184025088.0,12199999488.0,3524000000.0,0.20669001,21255999488.0,744000000.0,2653125120.0,0.801,11.403,Technology,Information Technology Services,United States
FITB,49625161728.0,68037160960.0,10094999552.0,,0.39078,24935000064.0,8705000448.0,,0.913,,Financial Services,Banks - Regional,United States
FSLR,22464409600.0,20931454976.0,5378071040.0,2385900032.0,0.42641997,194010000.0,1726963968.0,1598684800.0,1.733,8.773,Technology,Solar,United States
FE,26692661248.0,57103659008.0,15635999744.0,5422000128.0,0.19304001,28982999040.0,63000000.0,-2014625024.0,0.441,10.532,Utilities,Utilities - Regulated Electric,United States
FISV,27428528128.0,,,,,,,,,,,,
FLEX,42769477632.0,45859475456.0,29266999296.0,2123000064.0,0.0497,5929999872.0,2840000000.0,625750016.0,1.654,21.601,Technology,Electronic Components,United States
F,55706714112.0,196918706176.0,187972993024.0,7642999808.0,0.018819999,163296002048.0,22119999488.0,-7940250112.0,1.835,25.765,Consumer Cyclical,Auto Manufacturers,United States
FTNT,114510700544.0,111002492928.0,7527399936.0,2595800064.0,0.33595002,561400000.0,4069600000.0,2265587456.0,1.059,42.762,Technology,Software - Infrastructure,United States
FTV,16517312512.0,19750012928.0,4315800064.0,1234599936.0,0.19137,3598099968.0,374200000.0,939112512.0,0.973,15.997,Technology,Scientific & Technical Instruments,United States
FOXA,27723646976.0,31220729856.0,17125999616.0,3881999872.0,0.25214002,7568000000.0,4204999936.0,555374976.0,0.559,8.042,Communication Services,Entertainment,United States
FOX,24574570496.0,28077551616.0,17125999616.0,3881999872.0,0.25214002,7568000000.0,4204999936.0,555374976.0,0.559,7.233,Communication Services,Entertainment,United States
BEN,17096787968.0,20661088256.0,9324099584.0,1799100032.0,0.12979001,3572100096.0,2670299904.0,-2990862592.0,1.57,11.484,Financial Services,Asset Management,United States
FCX,102057762816.0,120449761280.0,25867999232.0,9553999872.0,0.33404,10359000064.0,4080000000.0,2159249920.0,1.401,12.607,Basic Materials,Copper,United States
GRMN,54513631232.0,52074295296.0,7671437824.0,2311467008.0,0.30438998,226856992.0,2666190080.0,1043656256.0,0.866,22.529,Technology,Scientific & Technical Instruments,Switzerland
IT,11340923904.0,13181714432.0,6463626240.0,1383901056.0,0.22623,3329496064.0,1488706048.0,1052553024.0,0.953,9.525,Technology,Information Technology Services,United States
GE,335817474048.0,346329481216.0,50638999552.0,11482999808.0,0.20571,20230000640.0,9944999936.0,6594625024.0,1.35,30.16,Industrials,Aerospace & Defense,United States
GEHC,28876302336.0,37581303808.0,21265999872.0,3592999936.0,0.14976,10540999680.0,2079000064.0,1573124992.0,0.821,10.46,Healthcare,Medical Devices,United States
GEV,254953160704.0,247111139328.0,41366999040.0,3927000064.0,0.07466,3720000000.0,12720000000.0,15722125312.0,0.967,62.926,Industrials,Specialty Industrial Machinery,United States
GEN,18113243136.0,25756243968.0,5079000064.0,2409999872.0,0.35554,8176000000.0,533000000.0,1547124992.0,1.215,10.687,Technology,Software - Infrastructure,United States
GNRC,11033600000.0,12173025280.0,4438731776.0,636244992.0,0.17932,1410317952.0,271264000.0,289056512.0,1.913,19.133,Industrials,Specialty Industrial Machinery,United States
GD,96291299328.0,101292457984.0,54861000704.0,6632999936.0,0.1038,9479000064.0,4333000192.0,4400124928.0,0.321,15.271,Industrials,Aerospace & Defense,United States
GIS,19166466048.0,21991135232.0,18424600576.0,3449600000.0,0.19194001,0.0,399000000.0,2308499968.0,-0.025,6.375,Consumer Defensive,Packaged Foods,United States
GM,77439139840.0,180821393408.0,185527992320.0,16462000128.0,0.03202,128771997696.0,24718999552.0,21933750272.0,1.321,10.984,Consumer Cyclical,Auto Manufacturers,United States
GPC,18429091840.0,24540536832.0,25071538176.0,2052585984.0,0.06562,6652785152.0,559118016.0,917241984.0,0.656,11.956,Consumer Cyclical,Auto Parts,United States
GILD,178206359552.0,199486357504.0,30456999936.0,14600999936.0,0.33679,26246000640.0,4881999872.0,9768875008.0,0.35,13.663,Healthcare,Drug Manufacturers - General,United States
GPN,23363158016.0,42368950272.0,10206745600.0,4482187776.0,0.16108,23555809280.0,5408962048.0,7867763200.0,0.785,9.453,Industrials,Specialty Business Services,United States
GL,13154320384.0,16126187520.0,6191958016.0,1680269056.0,0.24642,3427248896.0,455380992.0,1163503360.0,0.462,9.597,Financial Services,Insurance - Life,United States
GDDY,12420340736.0,15059239936.0,5104099840.0,1379000064.0,0.27056998,3841400064.0,1202499968.0,1204950016.0,0.94,10.92,Technology,Software - Infrastructure,United States
GS,299667783680.0,66243002368.0,67569999872.0,,0.42176998,897484980224.0,1156854054912.0,,1.283,,Financial Services,Capital Markets,United States
HAL,29859393536.0,36052393984.0,22372999168.0,4139000064.0,0.12793,8199000064.0,2048000000.0,2052249984.0,0.769,8.71,Energy,Oil & Gas Equipment & Services,United States
HIG,36936105984.0,37663105024.0,29315000320.0,5585999872.0,0.17615,4384000000.0,3991000064.0,5507500032.0,0.45,6.742,Financial Services,Insurance - Diversified,United States
HAS,12911210496.0,15436310528.0,4973199872.0,1300199936.0,0.22157,3878200064.0,1378200064.0,688150016.0,0.466,11.872,Consumer Cyclical,Leisure,United States
HCA,92433154048.0,146288148480.0,78012997632.0,15747000320.0,0.15161,51552002048.0,1130000000.0,3738125056.0,1.109,9.29,Healthcare,Medical Care Facilities,United States
DOC,14391628800.0,24330561536.0,2949806080.0,1570761984.0,0.1599,10320379904.0,1640912000.0,1645113088.0,0.989,15.49,Real Estate,REIT - Healthcare Facilities,United States
HSIC,9847416832.0,15069416448.0,13601999872.0,1080000000.0,0.057550002,3812999936.0,157000000.0,446000000.0,0.812,13.953,Healthcare,Medical Distribution,United States
HSY,34824437760.0,39956533248.0,12163911680.0,2721615872.0,0.23119,5923312128.0,791212992.0,1743636352.0,0.097,14.681,Consumer Defensive,Confectioners,United States
HPE,82422292480.0,96589291520.0,41870999552.0,6889999872.0,0.12560001,20320999424.0,6216000000.0,4738625024.0,1.442,14.019,Technology,Communication Equipment,United States
HLT,68912627712.0,81959624704.0,5104000000.0,3088000000.0,0.62987,14023000064.0,1009000000.0,1393874944.0,1.056,26.541,Consumer Cyclical,Lodging,United States
HD,308026671104.0,369129684992.0,169176006656.0,24647999488.0,0.12858,63188000768.0,2084999936.0,10762625024.0,0.955,14.976,Consumer Cyclical,Home Improvement Retail,United States
HONA,50160939008.0,65326940160.0,17915000832.0,3537999872.0,0.14684,16149000192.0,1057000000.0,,,18.464,Industrials,Aerospace & Defense,United States
HON,64135979008.0,90214981632.0,38057000960.0,8512000000.0,0.20249,34955001856.0,9196000256.0,2610374912.0,0.901,10.599,Industrials,Conglomerates,United States
HRL,11320715264.0,10996453376.0,12146911232.0,1264931968.0,0.11057,250000000.0,574262976.0,621551616.0,0.315,8.693,Consumer Defensive,Packaged Foods,United States
HST,15450716160.0,19159166976.0,6233999872.0,1695000064.0,0.18215,5645000192.0,1952999936.0,1692375040.0,1.101,11.303,Real Estate,REIT - Hotel & Motel,United States
HWM,91568791552.0,95669788672.0,9116999680.0,2793999872.0,0.28504,4664000000.0,563000000.0,1189874944.0,1.186,34.241,Industrials,Aerospace & Defense,United States
HPQ,31995543552.0,38165544960.0,59162001408.0,4636000256.0,0.05396,10339000320.0,4168999936.0,3389874944.0,1.205,8.232,Technology,Computer Hardware,United States
HUBB,24324116480.0,29497116672.0,6223600128.0,1515500032.0,0.21666999,5556599808.0,394700000.0,495812512.0,0.889,19.464,Industrials,Electrical Equipment & Parts,United States
HUM,49208905728.0,40145911808.0,145679007744.0,3596000000.0,0.034649998,14744000512.0,23871000576.0,1940999936.0,0.745,11.164,Healthcare,Healthcare Plans,United States
HBAN,34064195584.0,42989195264.0,9176999936.0,,0.41932,22609999872.0,16606999552.0,,0.941,,Financial Services,Banks - Regional,United States
HII,11021072384.0,13944072192.0,13185000448.0,1170000000.0,0.0708,2935000064.0,12000000.0,-300249984.0,0.225,11.918,Industrials,Aerospace & Defense,United States
IBM,229211865088.0,286440882176.0,69094998016.0,16472999936.0,0.16548,65272000512.0,8131999744.0,12049750016.0,0.708,17.389,Technology,Information Technology Services,United States
IEX,16528738304.0,17791537152.0,3585299968.0,967699968.0,0.2217,1885500032.0,621299968.0,555612480.0,0.972,18.385,Industrials,Specialty Industrial Machinery,United States
IDXX,39760830464.0,40659976192.0,4553223168.0,1621684992.0,0.3498,1096081024.0,196932992.0,909368384.0,1.538,25.073,Healthcare,Diagnostics & Research,United States
ITW,76371968000.0,85227970560.0,16469000192.0,4806000128.0,0.26900998,9694000128.0,839000000.0,2432999936.0,0.997,17.734,Industrials,Specialty Industrial Machinery,United States
INCY,24621694976.0,20124221440.0,5819530240.0,1942312960.0,0.41899,38267000.0,4535739904.0,1180664576.0,0.77,10.361,Healthcare,Biotechnology,United States
IR,28296798208.0,32087498752.0,7942199808.0,2014700032.0,0.16882999,4906699776.0,1181699968.0,1107425024.0,1.147,15.927,Industrials,Specialty Industrial Machinery,United States
PODD,9151980544.0,9565479936.0,3053400064.0,614899968.0,0.16178,948400000.0,534900000.0,236900000.0,1.079,15.556,Healthcare,Medical Devices,United States
INTC,544151666688.0,555640356864.0,57031999488.0,16839999488.0,0.12189999,50537000960.0,29727000576.0,4866375168.0,2.231,32.995,Technology,Semiconductors,United States
IBKR,155677638656.0,-27336247296.0,6834999808.0,,0.76532996,45779001344.0,130858999808.0,,1.349,,Financial Services,Capital Markets,United States
ICE,88363491328.0,107924488192.0,10558000128.0,6713999872.0,0.52626,20526999552.0,1067000000.0,3633625088.0,0.934,16.075,Financial Services,Financial Data & Stock Exchanges,United States
IFF,21333088256.0,27076087808.0,10780999680.0,1911000064.0,0.08495,6279000064.0,569000000.0,-1720999936.0,0.953,14.169,Basic Materials,Specialty Chemicals,United States
IP,18196021248.0,27373021184.0,24202999808.0,3934000128.0,0.02298,9902999552.0,726000000.0,1646499968.0,0.883,6.958,Consumer Cyclical,Packaging & Containers,United States
INTU,85935079424.0,87156080640.0,21447999488.0,6848999936.0,0.17638999,8421000192.0,7200000000.0,6353625088.0,0.976,12.725,Technology,Software - Application,United States
ISRG,132258340864.0,125325688832.0,11034399744.0,4180800000.0,0.33603,0.0,5216200192.0,2615200000.0,1.465,29.976,Healthcare,Medical Instruments & Supplies,United States
IVZ,14251612160.0,18469013504.0,6902499840.0,1444800000.0,0.19950001,1624000000.0,915400000.0,1140787456.0,1.605,12.783,Financial Services,Asset Management,United States
INVH,16265763840.0,24776595456.0,2848004096.0,1500342016.0,0.25115,8585699840.0,113062000.0,1168785536.0,0.831,16.514,Real Estate,REIT - Residential,United States
IQV,43087339520.0,57392340992.0,16983000064.0,3048000000.0,0.13027,16254999552.0,2080000000.0,2149750016.0,1.186,18.83,Healthcare,Diagnostics & Research,United States
IRM,34289410048.0,54420889600.0,7562470912.0,2551013120.0,0.19059,19947120640.0,204792992.0,-436093504.0,1.204,21.333,Real Estate,REIT - Specialty,United States
JBHT,25399296000.0,26798471168.0,12701309952.0,1673964032.0,0.07423,1403336960.0,4162000.0,903028352.0,1.289,16.009,Industrials,Integrated Freight & Logistics,United States
JBL,33330675712.0,35917676544.0,33589999616.0,2396999936.0,0.05211,3943000064.0,1360000000.0,1211624960.0,1.292,14.984,Technology,Electronic Components,United States
JKHY,11296542720.0,11362308096.0,2544338944.0,702214016.0,0.22503,77821000.0,12056000.0,352223744.0,0.564,16.181,Technology,Information Technology Services,United States
J,16601927680.0,19463636992.0,14219215872.0,1056488000.0,0.07387,4054662912.0,1179111936.0,645677888.0,0.679,18.423,Industrials,Engineering & Construction,United States
JNJ,640020840448.0,668298838016.0,97929003008.0,34872000512.0,0.2919,49036001280.0,20757999616.0,16885125120.0,0.235,19.164,Healthcare,Drug Manufacturers - General,United States
JCI,88444305408.0,97311309824.0,24995000320.0,4325000192.0,0.15875,9475000320.0,641000000.0,2984124928.0,1.304,22.5,Industrials,Building Products & Equipment,Ireland
JPM,946925731840.0,784853696512.0,186328006656.0,,0.50394,1343306989568.0,1526419030016.0,,0.975,,Financial Services,Banks - Diversified,United States
KVUE,34151354368.0,41654353920.0,15408000000.0,3480999936.0,0.19418,8613000192.0,1110000000.0,1907500032.0,0.426,11.966,Consumer Defensive,Household & Personal Products,United States
KDP,42716327936.0,83332325376.0,20089999360.0,4807000064.0,0.12888,33528000512.0,1526000000.0,4607249920.0,0.414,17.336,Consumer Defensive,Beverages - Non-Alcoholic,United States
KEY,23306088448.0,38309089280.0,7370999808.0,,0.3471,15345999872.0,2843000064.0,,1.023,,Financial Services,Banks - Regional,United States
KEYS,57651683328.0,57812680704.0,6582000128.0,1698000000.0,0.25677,2766000128.0,2604999936.0,1867124992.0,1.208,34.048,Technology,Scientific & Technical Instruments,United States
KMB,32642633728.0,38349631488.0,16581999616.0,3480999936.0,0.19002001,6538999808.0,956000000.0,941124992.0,0.273,11.017,Consumer Defensive,Household & Personal Products,United States
KIM,15555605504.0,23869509632.0,2187133952.0,1332118016.0,0.36565,8858840064.0,702396032.0,871483392.0,0.956,17.918,Real Estate,REIT - Retail,United States
KMI,68719116288.0,102301114368.0,17959000064.0,7634999808.0,0.30065,32425000960.0,91000000.0,1075000064.0,0.551,13.399,Energy,Oil & Gas Midstream,United States
KKR,93356531712.0,151286677504.0,25833117696.0,,0.2065,56163958784.0,47556554752.0,,1.791,,Financial Services,Asset Management,United States
KLAC,236014616576.0,237263912960.0,13579475968.0,6054757888.0,0.42486,6151712768.0,4902408192.0,2624587520.0,1.444,39.186,Technology,Semiconductor Equipment & Materials,United States
KHC,29171265536.0,45615263744.0,24899999744.0,5493000192.0,0.1549,19000999936.0,2680999936.0,3250500096.0,0.082,8.304,Consumer Defensive,Packaged Foods,United States
KR,34860040192.0,66737995776.0,148645003264.0,8080000000.0,0.03224,24192000000.0,2872999936.0,2994500096.0,0.406,8.26,Consumer Defensive,Grocery Stores,United States
LHX,45723136000.0,61357215744.0,12856000512.0,2146000000.0,0.097270004,7926000128.0,1001000000.0,,0.746,28.591,Industrials,Aerospace & Defense,United States
LH,25265895424.0,31963494400.0,14348000256.0,2319800064.0,0.1224,6823000064.0,141800000.0,892049984.0,0.851,13.779,Healthcare,Diagnostics & Research,United States
LRCX,373168930816.0,371711344640.0,23232690176.0,8641328128.0,0.37390998,4121564928.0,5579170816.0,3090484480.0,1.859,43.016,Technology,Semiconductor Equipment & Materials,United States
LVS,27741042688.0,39963619328.0,13719000064.0,4639000064.0,0.19658001,15283999744.0,3376000000.0,2212875008.0,0.819,8.615,Consumer Cyclical,Resorts & Casinos,United States
LDOS,16170926080.0,22052925440.0,17634000896.0,2382000128.0,0.11715999,6577999872.0,748000000.0,1146625024.0,0.572,9.258,Technology,Information Technology Services,United States
LEN,19175251968.0,23711846400.0,32737234944.0,2285495040.0,0.052750003,6245007872.0,1853501952.0,1077926016.0,1.398,10.375,Consumer Cyclical,Residential Construction,United States
LII,12650590208.0,14623188992.0,5302199808.0,1170800000.0,0.22856002,2024700032.0,52100000.0,277737504.0,1.184,12.49,Industrials,Building Products & Equipment,United States
LLY,994915778560.0,1040445079552.0,79666003968.0,41706999808.0,0.54222,54907998208.0,8949999616.0,11065900032.0,0.502,24.947,Healthcare,Drug Manufacturers - General,United States
LIN,214918168576.0,239582167040.0,35448999936.0,13822000128.0,0.28119,28013000704.0,4897999872.0,4160750080.0,0.727,17.333,Basic Materials,Specialty Chemicals,United Kingdom
LYV,39638056960.0,43585658880.0,26272534528.0,1550790016.0,0.06696,11282711552.0,9071948800.0,1695030656.0,1.116,28.105,Communication Services,Entertainment,United States
LMT,120978202624.0,137725198336.0,77013999616.0,9680000000.0,0.119569995,20537999360.0,3791000064.0,5562625024.0,0.104,14.228,Industrials,Aerospace & Defense,United States
L,22239690752.0,25695690752.0,18694000640.0,3236999936.0,0.14533,8935999488.0,6397000192.0,1262000000.0,0.507,7.938,Financial Services,Insurance - Property & Casualty,United States
LOW,110426652672.0,149285650432.0,90431995904.0,12728999936.0,0.13365,42031001600.0,3172000000.0,4615374848.0,0.846,11.728,Consumer Cyclical,Home Improvement Retail,United States
LULU,10956971008.0,11708360704.0,11093954560.0,2383926016.0,0.13212,2141127040.0,1389736960.0,1148515840.0,0.864,4.911,Consumer Cyclical,Apparel Retail,Canada
LITE,83154591744.0,82087387136.0,3014000128.0,800700032.0,0.27954,1671200000.0,2738400000.0,224700000.0,1.541,102.52,Technology,Communication Equipment,United States
LYB,20574285824.0,32378288128.0,31192000512.0,3568000000.0,0.17924999,14330000384.0,2648999936.0,1228000000.0,0.353,9.075,Basic Materials,Specialty Chemicals,Netherlands
MTB,34635350016.0,38074351616.0,9450999808.0,,0.45108002,18684999680.0,17679998976.0,,0.563,,Financial Services,Banks - Regional,United States
MPC,111186952192.0,144353951744.0,154145996800.0,15397000192.0,0.13561,34292000768.0,7768000000.0,9249375232.0,0.527,9.375,Energy,Oil & Gas Refining & Marketing,United States
MAR,87275872256.0,104587870208.0,7384999936.0,4814000128.0,0.65276,17774000128.0,462000000.0,2060375040.0,1.104,21.726,Consumer Cyclical,Lodging,United States
MRSH,84423442432.0,105355444224.0,27946999808.0,7758000128.0,0.26323998,22382000128.0,1700000000.0,4785249792.0,0.577,13.58,Financial Services,Insurance Brokers,United States
MLM,36217044992.0,36866174976.0,6688000000.0,2126000000.0,0.20185,6344999936.0,112000000.0,593374976.0,1.101,17.341,Basic Materials,Building Materials,United States
MRVL,212184170496.0,208389390336.0,9450300416.0,2850299904.0,0.16679001,5286099968.0,3932800000.0,2408049920.0,2.253,73.111,Technology,Semiconductors,United States
MAS,13511281664.0,16703283200.0,7619999744.0,1508000000.0,0.23645,3492999936.0,548000000.0,897124992.0,1.294,11.076,Industrials,Building Products & Equipment,United States
MA,498616074240.0,511645089792.0,35083001856.0,22200999936.0,0.61108,24643000320.0,11608999936.0,16961250304.0,0.735,23.046,Financial Services,Credit Services,United States
MKC,13797462016.0,18977462272.0,7385800192.0,1451500032.0,0.17422001,4933499904.0,331200000.0,714025024.0,0.634,13.074,Consumer Defensive,Packaged Foods,United States
MCD,178700713984.0,232482717696.0,27701999616.0,14929999872.0,0.46485,54604001280.0,822000000.0,6262374912.0,0.414,15.572,Consumer Cyclical,Restaurants,United States
MCK,102775570432.0,112346570752.0,410983006208.0,7071000064.0,0.01348,11795999744.0,5164000256.0,6801249792.0,0.307,15.888,Healthcare,Medical Distribution,United States
MDT,116350386176.0,136302379008.0,37541998592.0,10407999488.0,0.19332,28152999936.0,8819000320.0,5412499968.0,0.574,13.096,Healthcare,Medical Devices,Ireland
MRK,355100000256.0,401921015808.0,66568998912.0,28871000064.0,-0.00241,53910999040.0,7141000192.0,15171500032.0,0.226,13.921,Healthcare,Drug Manufacturers - General,United States
META,1650860490752.0,1672918466560.0,228246994944.0,109654999040.0,0.34827,112317997056.0,90259996672.0,21553625088.0,1.243,15.256,Communication Services,Internet Content & Information,United States
MET,61730230272.0,85244231680.0,79398002688.0,6040000000.0,0.055180002,50311000064.0,27317000192.0,-20953999360.0,0.759,14.113,Financial Services,Insurance - Life,United States
MTD,25917691904.0,28003702784.0,4133874944.0,1275713024.0,0.312,2137394944.0,51383000.0,693589632.0,1.22,21.951,Healthcare,Diagnostics & Research,Switzerland
MGM,10205905920.0,38296453120.0,17761441792.0,2237483008.0,0.067880005,30158688256.0,2760552960.0,878991104.0,1.282,17.116,Consumer Cyclical,Resorts & Casinos,United States
MCHP,40291246080.0,45417644032.0,5122299904.0,1506099968.0,0.23958,5398700032.0,272300000.0,1364762496.0,1.736,30.156,Technology,Semiconductors,United States
MU,1101452017664.0,1081805963264.0,90273996800.0,68222001152.0,0.80370003,6376000000.0,26022000640.0,7639499776.0,2.222,15.857,Technology,Semiconductors,United States
MSFT,3680323239936.0,3732293025792.0,331839012864.0,194237005824.0,0.45111,128812998656.0,76842999808.0,16545500160.0,1.108,19.215,Technology,Software - Infrastructure,United States
MAA,14845492224.0,20290420736.0,2218780928.0,1238054016.0,0.25356,5715268096.0,51836000.0,921182272.0,0.715,16.389,Real Estate,REIT - Residential,United States
MRNA,57477992448.0,53626990592.0,2228000000.0,-2195000064.0,-5.5793104,1287000064.0,5137999872.0,299249984.0,1.106,-24.431,Healthcare,Biotechnology,United States
TAP,7258651648.0,13333451776.0,11083499520.0,2263399936.0,0.11297,7913699840.0,2128099968.0,935137472.0,0.42,5.891,Consumer Defensive,Beverages - Brewers,United States
MDLZ,79692677120.0,100088676352.0,39674998784.0,6080000000.0,0.21978001,22058999808.0,1716000000.0,2252375040.0,0.402,16.462,Consumer Defensive,Confectioners,United States
MPWR,60665065472.0,59270242304.0,3273157888.0,1000281984.0,0.30989,18934000.0,1413761024.0,444316128.0,1.664,59.254,Technology,Semiconductors,United States
MNST,85022851072.0,81696522240.0,9218957312.0,2933317120.0,0.2918,92932000.0,3419256064.0,1681231104.0,0.515,27.851,Consumer Defensive,Beverages - Non-Alcoholic,United States
MCO,82252316672.0,88517304320.0,8160000000.0,4052999936.0,0.49473998,7619999744.0,1496000000.0,2579124992.0,1.334,21.84,Financial Services,Financial Data & Stock Exchanges,United States
MS,336698015744.0,215978999808.0,77827997696.0,,0.41567,607495979008.0,739076014080.0,,1.207,,Financial Services,Capital Markets,United States
MOS,8007791616.0,13963891712.0,12247900160.0,1718700032.0,-0.00117,6079099904.0,294000000.0,-746275008.0,0.831,8.125,Basic Materials,Agricultural Inputs,United States
MSI,77146587136.0,86071582720.0,12236999680.0,3758000128.0,0.27354,9619000320.0,710000000.0,1979000064.0,0.881,22.904,Technology,Communication Equipment,United States
MSCI,40320147456.0,46511648768.0,3333758976.0,1962299008.0,0.56298,6544200192.0,352700000.0,1194705920.0,1.219,23.703,Financial Services,Financial Data & Stock Exchanges,United States
NDAQ,50973147136.0,59740147712.0,5614000128.0,3352999936.0,0.49333,9317000192.0,555000000.0,1691500032.0,0.974,17.817,Financial Services,Financial Data & Stock Exchanges,United States
NTAP,39142379520.0,38100377600.0,7391000064.0,2095000064.0,0.26667,2534000128.0,3576000000.0,1171374976.0,1.432,18.186,Technology,Software - Infrastructure,United States
NFLX,322288943104.0,329815687168.0,48370765824.0,14726931456.0,0.33381,16654660608.0,9127910400.0,25387552768.0,1.526,22.395,Communication Services,Entertainment,United States
NEM,133618712576.0,130378719232.0,25767000064.0,17057999872.0,0.51569,5598000128.0,9009000448.0,8815875072.0,0.543,7.643,Basic Materials,Gold,United States
NWSA,15790737408.0,17452589056.0,9027999744.0,1338000000.0,0.12537,2915000064.0,2100999936.0,1045124992.0,0.923,13.044,Communication Services,Entertainment,United States
NWS,17544667136.0,19221831680.0,9027999744.0,1338000000.0,0.12537,2915000064.0,2100999936.0,1045124992.0,0.923,14.366,Communication Services,Entertainment,United States
NEE,171696865280.0,290046476288.0,28700000256.0,14593000448.0,0.31524,110196998144.0,2865999872.0,-17766875136.0,0.644,19.876,Utilities,Utilities - Regulated Electric,United States
NKE,54592753664.0,56608751616.0,46398001152.0,4928999936.0,0.12687,11043000320.0,9027000320.0,1889250048.0,1.11,11.485,Consumer Cyclical,Footwear & Accessories,United States
NI,19858583552.0,39551385600.0,6881500160.0,3025999872.0,0.17156,17443000320.0,70000000.0,-1772999936.0,0.54,13.071,Utilities,Utilities - Regulated Gas,United States
NDSN,17515780096.0,19220068352.0,2979794944.0,957891008.0,0.27403998,1818211968.0,113924000.0,613806656.0,0.972,20.065,Industrials,Specialty Industrial Machinery,United States
NSC,71935320064.0,88016322560.0,12540000256.0,5663000064.0,0.35296002,17150000128.0,1069000000.0,1382249984.0,1.268,15.542,Industrials,Railroads,United States
NTRS,34613379072.0,41838579712.0,9085500416.0,,0.42496,16345100288.0,10004799488.0,,1.257,,Financial Services,Asset Management,United States
NOC,73726443520.0,88471445504.0,42892001280.0,7255000064.0,0.11604,17052000256.0,2307000064.0,2478000128.0,-0.11,12.195,Industrials,Aerospace & Defense,United States
NCLH,6805163520.0,22565881856.0,10154306560.0,2594191872.0,0.14042,15978818560.0,218100000.0,-1680301312.0,1.881,8.699,Consumer Cyclical,Travel Services,United States
NRG,23850481664.0,47805480960.0,33124999168.0,3252999936.0,0.12765999,23466999808.0,162000000.0,772374976.0,1.173,14.696,Utilities,Utilities - Independent Power Producers,United States
NUE,58858356736.0,64422354944.0,36101001216.0,5680999936.0,0.15668,7098999808.0,2692000000.0,683374976.0,1.881,11.34,Basic Materials,Steel,United States
NVDA,5271048421376.0,5237179940864.0,302970011648.0,201266003968.0,0.66236997,38860001280.0,62469001216.0,41809874944.0,2.217,26.021,Technology,Semiconductors,United States
NVR,16499457024.0,16414082048.0,9631335424.0,1536605952.0,0.13889,1090254976.0,1093735936.0,918313280.0,0.913,10.682,Consumer Cyclical,Residential Construction,United States
NXPI,59667087360.0,67783086080.0,13185000448.0,5068000256.0,0.30406,10976000000.0,3222000128.0,3555000064.0,1.817,13.375,Technology,Semiconductors,Netherlands
ORLY,69425012736.0,78750269440.0,18572562432.0,4169743872.0,0.2015,9587433472.0,262180992.0,1570733824.0,0.515,18.886,Consumer Cyclical,Auto Parts,United States
OXY,61437710336.0,80835715072.0,23925999616.0,13717999616.0,0.45443,14625999872.0,4150000128.0,3788124928.0,0.164,5.893,Energy,Oil & Gas E&P,United States
ODFL,37390618624.0,37016707072.0,5602506752.0,1793243008.0,0.28835,19997000.0,283939008.0,970776000.0,1.165,20.642,Industrials,Trucking,United States
OMC,21676075008.0,30680274944.0,22371299328.0,3676499968.0,0.15384,11411200000.0,3336199936.0,4260624896.0,0.673,8.345,Communication Services,Advertising Agencies,United States
ON,29642719232.0,30506493952.0,6197799936.0,2089900032.0,0.19532,4709000192.0,3864499968.0,1656649984.0,1.997,14.597,Technology,Semiconductors,United States
OKE,60906319872.0,93911318528.0,39366000640.0,7670000128.0,0.13254,33021999104.0,161000000.0,899875008.0,0.719,12.244,Energy,Oil & Gas Midstream,United States
ORCL,432877174784.0,581579243520.0,67356999680.0,30493999104.0,0.36202,167431995392.0,31893999616.0,-24536750080.0,1.732,19.072,Technology,Software - Infrastructure,United States
OTIS,26304251904.0,34631249920.0,14910999552.0,2640000000.0,0.15133001,8846000128.0,813000000.0,1436249984.0,0.875,13.118,Industrials,Specialty Industrial Machinery,United States
PCAR,64600772608.0,70749667328.0,27815800832.0,3271600128.0,0.12024,14816300032.0,8667400192.0,1943650048.0,0.972,21.625,Industrials,Farm & Heavy Construction Machinery,United States
PKG,20884639744.0,24568289280.0,9534600192.0,2000099968.0,0.13121,4404299776.0,593800000.0,432950016.0,0.797,12.284,Consumer Cyclical,Packaging & Containers,United States
PLTR,401863442432.0,392776450048.0,6155940864.0,2662629888.0,0.47120997,211400000.0,9409098752.0,2159104512.0,1.621,147.514,Technology,Software - Infrastructure,United States
PANW,270471692288.0,269570048000.0,11480000512.0,1860999936.0,0.050440002,2500000000.0,3071000064.0,4469550080.0,0.908,144.852,Technology,Software - Infrastructure,United States
PSKY,11892625408.0,27506624512.0,29109999616.0,3310000128.0,0.09345,16202000384.0,1627000064.0,17593124864.0,1.52,8.31,Communication Services,Entertainment,United States
PH,119774085120.0,128015089664.0,21499000832.0,5664000000.0,0.23458,8732999680.0,501000000.0,2961750016.0,1.123,22.602,Industrials,Specialty Industrial Machinery,United States
PAYX,41222541312.0,44674674688.0,3968000000.0,1608000000.0,0.38325,4630300160.0,1143699968.0,,,27.783,Technology,Software - Application,United States
PYPL,45955358720.0,48920358912.0,34127998976.0,6456000000.0,0.16966,14220999680.0,11256000512.0,4423124992.0,1.286,7.578,Financial Services,Credit Services,United States
PNR,9030168576.0,10705215488.0,4011800064.0,1034800000.0,0.2344,1764700032.0,91800000.0,558312512.0,1.018,10.345,Industrials,Specialty Industrial Machinery,United Kingdom
PEP,186213122048.0,228732010496.0,96904003584.0,18882000896.0,0.16836001,53213999104.0,10716000256.0,7831875072.0,0.361,12.114,Consumer Defensive,Beverages - Non-Alcoholic,United States
PFE,157994942464.0,210072944640.0,63695998976.0,25383000064.0,0.27877,63480000512.0,11704000512.0,12485624832.0,0.299,8.276,Healthcare,Drug Manufacturers - General,United States
PCG,30392664064.0,95954665472.0,25837000704.0,10453000192.0,0.24788,64703000576.0,972000000.0,-6150125056.0,0.245,9.18,Utilities,Utilities - Regulated Electric,United States
PM,297788669952.0,342850699264.0,42545000448.0,18015000576.0,0.40002,49138999296.0,6002999808.0,9714374656.0,0.395,19.031,Consumer Defensive,Tobacco,United States
PSX,104030609408.0,121196953600.0,152167006208.0,9925000192.0,0.08529,20565000192.0,4099000064.0,4545375232.0,0.704,12.211,Energy,Oil & Gas Refining & Marketing,United States
PNW,11647053824.0,28183558144.0,5554253824.0,2149111040.0,0.21341999,16505294848.0,9124000.0,-929501376.0,0.437,13.114,Utilities,Utilities - Regulated Electric,United States
PNC,97438007296.0,177874993152.0,24319000576.0,,0.38689,87963000832.0,13459000320.0,,0.889,,Financial Services,Banks - Regional,United States
PPG,23452649472.0,29460649984.0,16421000192.0,2697999872.0,0.14016,7468000256.0,1607000064.0,1104625024.0,1.063,10.919,Basic Materials,Specialty Chemicals,United States
PPL,25646729216.0,45690728448.0,9397999616.0,3759000064.0,0.23591,20376000512.0,332000000.0,-1938375040.0,0.583,12.155,Utilities,Utilities - Regulated Electric,United States
PFG,24871464960.0,23801366528.0,15693200384.0,2151500032.0,0.12336001,4550900224.0,6367699968.0,1056374976.0,0.872,11.063,Financial Services,Asset Management,United States
PG,337414619136.0,363739381760.0,87031996416.0,24752001024.0,0.22084999,35024998400.0,9941999616.0,13280874496.0,0.377,14.695,Consumer Defensive,Household & Personal Products,United States
PGR,126458986496.0,132749123584.0,91019001856.0,15397999616.0,0.18208,8386999808.0,2156000000.0,15114500096.0,0.259,8.621,Financial Services,Insurance - Property & Casualty,United States
PLD,131961405440.0,166449856512.0,9657474048.0,6737149952.0,0.43030998,37093756928.0,1766716032.0,5406941184.0,1.316,24.706,Real Estate,REIT - Industrial,United States
PRU,41137799168.0,61696798720.0,65223999488.0,5206000128.0,0.075219996,56684998656.0,39136002048.0,7527750144.0,0.819,11.851,Financial Services,Insurance - Life,United States
PEG,36080627712.0,60566626304.0,12542999552.0,4463000064.0,0.18872,24678000640.0,192000000.0,107750000.0,0.519,13.571,Utilities,Utilities - Regulated Electric,United States
PTC,14190448640.0,15446688768.0,2953971968.0,1275965952.0,0.28232,1607693952.0,351454016.0,1031425152.0,1.002,12.106,Technology,Software - Application,United States
PSA,55401701376.0,66437476352.0,4910444032.0,3436555008.0,0.45703998,10180214784.0,259936000.0,2334240256.0,0.935,19.333,Real Estate,REIT - Industrial,United States
PHM,22526916608.0,23312062464.0,16407075840.0,2753777920.0,0.15685001,2481007104.0,1337081984.0,1078512896.0,1.201,8.465,Consumer Cyclical,Residential Construction,United States
PWR,97810407424.0,104011112448.0,32905140224.0,3045004032.0,0.07217,6603134976.0,506431008.0,1955491328.0,1.2,34.158,Industrials,Engineering & Construction,United States
QCOM,194354970624.0,198077071360.0,44068999168.0,11998999552.0,0.18528,15269999616.0,8304000000.0,10241000448.0,1.679,16.508,Technology,Semiconductors,United States
DGX,25939947520.0,32100947968.0,11559999488.0,2265999872.0,0.15248,6403999744.0,626000000.0,909625024.0,0.549,14.166,Healthcare,Diagnostics & Research,United States
Q,26443960320.0,30296958976.0,5209999872.0,1526000000.0,0.22323,4527000064.0,961000000.0,772249984.0,,19.854,Technology,Semiconductor Equipment & Materials,United States
RL,20203741184.0,21266040832.0,8355200000.0,1593200000.0,0.18395,3003899904.0,1941600000.0,880087488.0,1.353,13.348,Consumer Cyclical,Apparel Manufacturing,United States
RJF,33321666560.0,23515062272.0,15239999488.0,,0.19301,6083999744.0,16019999744.0,,0.917,,Financial Services,Asset Management,United States
RDDT,30354399232.0,27588907008.0,2778833920.0,801516992.0,0.28788,20867000.0,2786356992.0,678068736.0,2.022,34.421,Communication Services,Internet Content & Information,United States
RTX,266424811520.0,298742841344.0,93499998208.0,15895000064.0,0.12696,38855999488.0,8304999936.0,9880000512.0,0.287,18.795,Industrials,Aerospace & Defense,United States
O,56299974656.0,89448333312.0,6065508864.0,5357639168.0,0.46965998,31333789696.0,569948032.0,1582081920.0,0.712,16.695,Real Estate,REIT - Retail,United States
REG,13950861312.0,19081670656.0,1685532032.0,1071214976.0,0.39643002,5143966208.0,193275008.0,743363968.0,0.807,17.813,Real Estate,REIT - Retail,United States
REGN,80458293248.0,72747671552.0,15534699520.0,4702400000.0,0.33106,2706599936.0,7994599936.0,3065299968.0,0.193,15.47,Healthcare,Biotechnology,United States
RF,25668636672.0,31591636992.0,7238000128.0,,0.39314997,9484999680.0,5001999872.0,,1.003,,Financial Services,Banks - Regional,United States
RSG,68205883392.0,82394882048.0,16890999808.0,5256999936.0,0.20429,14295000064.0,107000000.0,1942625024.0,0.4,15.673,Industrials,Waste Management,United States
RMD,31485952000.0,30842636288.0,5653443072.0,2095774976.0,0.30857,825918976.0,1469234048.0,939248256.0,0.766,14.717,Healthcare,Medical Instruments & Supplies,United States
RVTY,13871304704.0,16189878272.0,2911811072.0,875832000.0,0.17052999,3341516032.0,1022942976.0,604992128.0,1.089,18.485,Healthcare,Diagnostics & Research,United States
HOOD,101209694208.0,100290691072.0,4931999744.0,,0.43884,22925000704.0,23904999424.0,,2.34,,Financial Services,Capital Markets,United States
ROK,47668649984.0,50708144128.0,8972999680.0,2092000000.0,0.20968,3612999936.0,479000000.0,1303874944.0,1.515,24.239,Industrials,Specialty Industrial Machinery,United States
ROL,16710179840.0,17716398080.0,3924018944.0,865038016.0,0.18799,1115303040.0,109085000.0,501737504.0,0.736,20.48,Consumer Cyclical,Personal Services,United States
ROP,38424965120.0,49379467264.0,8280300032.0,3238000128.0,0.27725,11319400448.0,364900000.0,2265687552.0,0.747,15.25,Technology,Software - Application,United States
ROST,74017030144.0,74161635328.0,24511797248.0,3657101056.0,0.13578,4739150848.0,4288123904.0,2002041600.0,0.861,20.279,Consumer Cyclical,Apparel Retail,United States
RCL,69574991872.0,92441985024.0,18681999360.0,6926000128.0,0.2707,23517999104.0,876000000.0,-1516249984.0,1.75,13.347,Consumer Cyclical,Travel Services,United States
SPGI,121077309440.0,137830301696.0,16122000384.0,8143000064.0,0.4479,15747999744.0,4134000128.0,5448249856.0,1.077,16.926,Financial Services,Financial Data & Stock Exchanges,United States
CRM,203873566720.0,234846552064.0,43938000896.0,12899000320.0,0.21375,42375999488.0,11402999808.0,17731874816.0,1.202,18.207,Technology,Software - Application,United States
SNDK,239153479680.0,234592468992.0,20248000512.0,12616999936.0,0.78472,201000000.0,4761999872.0,7720875008.0,,18.593,Technology,Computer Hardware,United States
SBAC,19676162048.0,34643378176.0,2870621952.0,1833553024.0,0.52165,15209066496.0,327051008.0,752056384.0,0.984,18.894,Real Estate,REIT - Specialty,United States
SLB,83201073152.0,93067067392.0,36366000128.0,7383000064.0,0.12706,12810000384.0,4124000000.0,2955124992.0,0.774,12.606,Energy,Oil & Gas Equipment & Services,United States
STX,188774842368.0,190347476992.0,12195000320.0,4502000128.0,0.4307,3897999872.0,1704000000.0,1943750016.0,2.087,42.281,Technology,Computer Hardware,Singapore
SRE,54496051200.0,101733056512.0,13552000000.0,5873999872.0,0.28328,36664000512.0,48000000.0,-27657750528.0,0.564,17.319,Utilities,Utilities - Diversified,United States
NOW,137017729024.0,140806733824.0,14732000256.0,2896999936.0,0.04063,8453000192.0,4664000000.0,5149374976.0,0.972,48.604,Technology,Software - Application,United States
SHW,78486134784.0,92763013120.0,24410300416.0,4709100032.0,0.18124,15031700480.0,293500000.0,2506037504.0,1.089,19.699,Basic Materials,Specialty Chemicals,United States
SPG,77758283776.0,96145514496.0,6940724224.0,5125174784.0,0.46023998,29437509632.0,1019091008.0,2595271168.0,1.312,18.759,Real Estate,REIT - Retail,United States
SWKS,13294270464.0,13176170496.0,4014099968.0,880200000.0,0.08825,681100032.0,799200000.0,448812512.0,1.518,14.97,Technology,Semiconductors,United States
SJM,12940560384.0,19837560832.0,9156899840.0,2263899904.0,0.17898001,6940199936.0,43200000.0,1464337536.0,0.263,8.763,Consumer Defensive,Packaged Foods,United States
SW,22669881344.0,36150362112.0,31325999104.0,4576000000.0,0.05466,14163999744.0,677000000.0,1215000064.0,0.931,7.9,Consumer Cyclical,Packaging & Containers,Ireland
SNA,19420432384.0,19111231488.0,5274899968.0,1415500032.0,0.25397,1310000000.0,1644199936.0,1109474944.0,0.712,13.501,Industrials,Tools & Accessories,United States
SOLV,14886064128.0,19778064384.0,8310000128.0,1139000064.0,0.09778,5295000064.0,403000000.0,489000000.0,0.687,17.364,Healthcare,Medical Instruments & Supplies,United States
SO,100277141504.0,177152147456.0,30179000320.0,14257999872.0,0.29612,77086998528.0,2984000000.0,-3913374976.0,0.316,12.425,Utilities,Utilities - Regulated Electric,United States
LUV,19196530688.0,22294530048.0,30072999936.0,2337999872.0,0.033800002,6888999936.0,3791000064.0,-834750016.0,1.12,9.536,Industrials,Airlines,United States
SWK,13476724736.0,18095824896.0,15247699968.0,1791000064.0,0.08443,5211500032.0,592400000.0,1419049984.0,1.173,10.104,Industrials,Tools & Accessories,United States
SBUX,112563601408.0,131413598208.0,38338301952.0,5642299904.0,0.12919,22453100544.0,3610299904.0,3065537536.0,0.965,23.291,Consumer Cyclical,Restaurants,United States
STT,53127319552.0,,15022999552.0,,0.27818,,,,1.418,,Financial Services,Asset Management,United States
STLD,34368643072.0,38138011648.0,20538677248.0,2674440960.0,0.114989996,4393537024.0,567708032.0,234191248.0,1.515,14.26,Basic Materials,Steel,United States
STE,20549122048.0,22125824000.0,6037499904.0,1640499968.0,0.19153,2044499968.0,482300000.0,798862528.0,0.914,13.487,Healthcare,Medical Devices,United States
SYK,105697386496.0,117667389440.0,25837000704.0,7376000000.0,0.27015,15445999616.0,3476000000.0,4107624960.0,0.768,15.953,Healthcare,Medical Devices,United States
SMCI,26344310784.0,32286035968.0,39063072768.0,2824158976.0,0.13382,9259886592.0,7544584192.0,-8248783872.0,1.996,11.432,Technology,Computer Hardware,United States
SYF,24724930560.0,26679930880.0,9907999744.0,,0.50219,16432000000.0,16193000448.0,,1.308,,Financial Services,Credit Services,United States
SNPS,76152569856.0,83385532416.0,9416465408.0,2075485952.0,0.14521,10841789440.0,3607668992.0,3425542400.0,1.227,40.176,Technology,Software - Infrastructure,United States
SYY,39865577472.0,53130579968.0,84552998912.0,4493000192.0,0.048449997,15052000256.0,1787000064.0,1914000000.0,0.627,11.825,Consumer Defensive,Food Distribution,United States
TMUS,195580215296.0,313182224384.0,92188999680.0,34370998272.0,0.2522,120427003904.0,2824999936.0,11335999488.0,0.331,9.112,Communication Services,Telecom Services,United States
TROW,22673342464.0,21059942400.0,7592000000.0,2963800064.0,0.28688,450600000.0,3234299904.0,2023912448.0,1.48,7.106,Financial Services,Asset Management,United States
TTWO,40288677888.0,41406775296.0,6686499840.0,766499968.0,0.0051499996,2944699904.0,1826599936.0,1256137472.0,0.966,54.021,Communication Services,Electronic Gaming & Multimedia,United States
TPR,23625920512.0,26430019584.0,8004199936.0,2023500032.0,0.19823,3956100096.0,1152000000.0,1399924992.0,1.432,13.062,Consumer Cyclical,Luxury Goods,United States
TRGP,62238605312.0,81823506432.0,16741499904.0,5497699840.0,0.27803,19577999360.0,132300000.0,65837500.0,0.722,14.883,Energy,Oil & Gas Midstream,United States
TGT,70793060352.0,84578058240.0,107704999936.0,8593000448.0,0.06044,19196000256.0,5410999808.0,3432999936.0,0.986,9.843,Consumer Defensive,Discount Stores,United States
TEL,61365223424.0,66091225088.0,19321999360.0,4951000064.0,0.20775,5817999872.0,1239000064.0,2336875008.0,1.158,13.349,Technology,Electronic Components,Ireland
TDY,27989090304.0,29675991040.0,6374400000.0,1592400000.0,0.20198,2027000064.0,340100000.0,912675008.0,0.908,18.636,Technology,Scientific & Technical Instruments,United States
TER,59365711872.0,59147157504.0,4464031232.0,1504893952.0,0.33161,100127000.0,354828992.0,437381248.0,1.778,39.303,Technology,Semiconductor Equipment & Materials,United States
TSLA,1443322658816.0,1416539537408.0,103619002368.0,10755000320.0,0.014099999,16080000000.0,43524001792.0,4835999744.0,1.845,131.71,Consumer Cyclical,Auto Manufacturers,United States
TXN,245389656064.0,252440657920.0,19452999680.0,9520000000.0,0.42576998,14051999744.0,7000999936.0,3545250048.0,1.314,26.517,Technology,Semiconductors,United States
TPL,25458554880.0,25227960320.0,897540992.0,741585024.0,0.78177,18016000.0,248612000.0,-32836124.0,0.618,34.019,Energy,Oil & Gas E&P,United States
TXT,13930939392.0,16705940480.0,15299000320.0,1680000000.0,0.08701,4211000064.0,1436000000.0,452750016.0,0.898,9.944,Industrials,Aerospace & Defense,United States
TMO,225479294976.0,264092286976.0,46336000000.0,11738999808.0,0.18751,42548998144.0,4064000000.0,6237250048.0,0.854,22.497,Healthcare,Diagnostics & Research,United States
TJX,138618716160.0,146931728384.0,62363000832.0,8903000064.0,0.10909,14316999680.0,6003999744.0,4398125056.0,0.593,16.504,Consumer Cyclical,Apparel Retail,United States
TKO,36019916800.0,23244240896.0,5301862912.0,1620128000.0,0.32388002,4953576960.0,592484992.0,856147520.0,0.643,14.347,Communication Services,Entertainment,United States
TTD,6738081792.0,5686858752.0,2990138112.0,697982016.0,0.14205,434110016.0,1485332992.0,582992768.0,1.005,8.148,Communication Services,Advertising Agencies,United States
TSCO,17199534080.0,23512924160.0,15750723584.0,1931484032.0,0.120740004,6544977920.0,231588000.0,103175000.0,0.469,12.174,Consumer Cyclical,Specialty Retail,United States
TT,97364656128.0,100685357056.0,22209900544.0,4308400128.0,0.19251,4616800256.0,1318300032.0,3121687552.0,1.197,23.37,Industrials,Building Products & Equipment,Ireland
TDG,63032922112.0,93827923968.0,10005999616.0,5095000064.0,0.46005002,33485000704.0,2780000000.0,1457374976.0,0.893,18.416,Industrials,Aerospace & Defense,United States
TRV,78257348608.0,82264350720.0,48979001344.0,11480000512.0,0.23698,9068000256.0,5061000192.0,14775124992.0,0.451,7.166,Financial Services,Insurance - Property & Casualty,United States
TRMB,13445149696.0,14690050048.0,3782899968.0,880099968.0,0.15134,1459299968.0,214400000.0,686174976.0,1.362,16.691,Technology,Scientific & Technical Instruments,United States
TFC,61569966080.0,89813958656.0,19028000768.0,,0.39815,73295003648.0,50461999104.0,,0.862,,Financial Services,Banks - Regional,United States
TYL,13787402240.0,14272397312.0,2429657088.0,458521984.0,0.14741,1455030016.0,970035008.0,594435648.0,0.835,31.127,Technology,Software - Application,United States
TSN,18638444544.0,26010443776.0,55694000128.0,2772000000.0,0.02711,8006000128.0,740000000.0,1191250048.0,0.371,9.383,Consumer Defensive,Farm Products,United States
USB,97907957760.0,134495952896.0,27320999936.0,,0.39646998,99696001024.0,70379003904.0,,0.971,,Financial Services,Banks - Regional,United States
UBER,146390286336.0,156813279232.0,55226998784.0,7473999872.0,0.13317999,14730999808.0,5391000064.0,7244749824.0,1.159,20.981,Technology,Software - Application,United States
UDR,12901830656.0,18218627072.0,1766329984.0,1040777024.0,0.20177999,5994848256.0,2830000.0,779827776.0,0.685,17.505,Real Estate,REIT - Residential,United States
ULTA,23378931712.0,25689509888.0,12955516928.0,1934352000.0,0.12505999,2524030976.0,213451008.0,914087360.0,0.854,13.281,Consumer Cyclical,Specialty Retail,United States
UNP,168955068416.0,198010077184.0,25410000896.0,12883999744.0,0.40982,31168999424.0,2114000000.0,4720750080.0,0.966,15.369,Industrials,Railroads,United States
UAL,35644248064.0,52676788224.0,62902001664.0,7090999808.0,0.05534,33667999744.0,16636999680.0,910124992.0,1.272,7.429,Industrials,Airlines,United States
UPS,85316378624.0,109368377344.0,89929998336.0,12083999744.0,0.09052,28672999424.0,4653000192.0,5593999872.0,1.038,9.051,Industrials,Integrated Freight & Logistics,United States
URI,61565288448.0,76838289408.0,16832000000.0,4690999808.0,0.25986,15384999936.0,112000000.0,1706249984.0,1.787,16.38,Industrials,Rental & Leasing Services,United States
UNH,340269203456.0,389631246336.0,450525986816.0,26680999936.0,0.071329996,73328001024.0,31467999232.0,24272250880.0,0.622,14.603,Healthcare,Healthcare Plans,United States
UHS,10303870976.0,15568671744.0,18114486272.0,2699612928.0,0.1114,5262175232.0,138800000.0,498316992.0,1.061,5.767,Healthcare,Medical Care Facilities,United States
VLO,112412639232.0,119154638848.0,132429996032.0,13379000320.0,0.12269,11349000192.0,7873999872.0,8416374784.0,0.568,8.906,Energy,Oil & Gas Refining & Marketing,United States
VEEV,42484879360.0,35393630208.0,3458097920.0,1075341056.0,0.29637,151695008.0,7242947072.0,1257709824.0,0.974,32.914,Healthcare,Health Information Services,United States
VTR,46160044032.0,59442319360.0,6418988032.0,2380859904.0,0.14807999,12918999040.0,198956000.0,1486853504.0,0.724,24.967,Real Estate,REIT - Healthcare Facilities,United States
VLTO,22940952576.0,24415952896.0,5696000000.0,1390000000.0,0.21370001,3592999936.0,2119000064.0,807124992.0,0.759,17.565,Industrials,Pollution & Treatment Controls,United States
VRSN,26460983296.0,27737913344.0,1707900032.0,1186000000.0,0.68178004,2340300032.0,1034099968.0,832837504.0,0.699,23.388,Technology,Software - Infrastructure,United States
VRSK,22933489664.0,26998388736.0,3136000000.0,1515800064.0,0.45106998,4617099776.0,552200000.0,1055550016.0,0.662,17.811,Industrials,Consulting Services,United States
VZ,210273173504.0,403399180288.0,138894999552.0,51081998336.0,0.22999,193646002176.0,1796000000.0,17466624000.0,0.24,7.897,Communication Services,Telecom Services,United States
VRTX,130643902464.0,124769099776.0,12587200512.0,5100499968.0,0.38055,1977600000.0,7852400128.0,2627887616.0,0.32,24.462,Healthcare,Biotechnology,United States
VRT,98965053440.0,99192659968.0,11479600128.0,2678799872.0,0.20362,3338200064.0,3110599936.0,2696537600.0,2.075,37.029,Industrials,Electrical Equipment & Parts,United States
VTRS,18963234816.0,31076435968.0,14737300480.0,4292499968.0,0.12550999,13623700480.0,1510499968.0,2677337600.0,0.883,7.24,Healthcare,Drug Manufacturers - Specialty & Generic,United States
VICI,27339753472.0,45314445312.0,4097604096.0,3639224064.0,0.70182997,17843673088.0,300947008.0,267028992.0,0.682,12.452,Real Estate,REIT - Diversified,United States
V,691647676416.0,691456835584.0,44487999488.0,31093999616.0,0.66130996,23857999872.0,13792000000.0,20404000768.0,0.761,22.238,Financial Services,Credit Services,United States
VST,49801551872.0,72362549248.0,19211999232.0,6646000128.0,0.13766,20508000256.0,435000000.0,37125000.0,1.414,10.888,Utilities,Utilities - Independent Power Producers,United States
VMRK,50713485312.0,,3089946880.0,1832704000.0,0.29499,9187223552.0,90121000.0,1387120000.0,0.537,,Real Estate,REIT - Residential,United States
VMC,32749729792.0,37521530880.0,8115800064.0,2340300032.0,0.21611,4942099968.0,194200000.0,843600000.0,1.054,16.033,Basic Materials,Building Materials,United States
WRB,25948805120.0,26377693184.0,14896102400.0,2580506880.0,0.16385001,3103180032.0,3898912000.0,3045504768.0,0.283,10.222,Financial Services,Insurance - Property & Casualty,United States
GWW,60289208320.0,62879207424.0,18844999680.0,3216000000.0,0.16072,2796999936.0,589000000.0,1247750016.0,1.034,19.552,Industrials,Industrial Distribution,United States
WAB,47838928896.0,54144929792.0,11980000256.0,2651000064.0,0.19188,6936000000.0,660000000.0,1101374976.0,0.921,20.424,Industrials,Railroads,United States
WMT,852708163584.0,920224923648.0,735839977472.0,44073000960.0,0.0345,75092000768.0,11528999936.0,7127625216.0,0.595,20.88,Consumer Defensive,Discount Stores,United States
DIS,183978491904.0,231644495872.0,98860998656.0,20963000320.0,0.19301,46041001984.0,5184999936.0,4860375040.0,1.409,11.05,Communication Services,Entertainment,United States
WBD,70300114944.0,100169121792.0,36115001344.0,7792999936.0,0.05105,32022999040.0,3411000064.0,16167374848.0,1.571,12.854,Communication Services,Entertainment,United States
WM,85323210752.0,108123201536.0,25667000320.0,7774000128.0,0.18986,23356000256.0,557000000.0,2348375040.0,0.431,13.908,Industrials,Waste Management,United States
WAT,40093212672.0,45056634880.0,4644285952.0,1452048000.0,0.09422,5477000192.0,539000000.0,-142067632.0,1.194,31.03,Healthcare,Diagnostics & Research,United States
WEC,34321715200.0,57733013504.0,10137400320.0,3965199872.0,0.21802999,23023200256.0,50000000.0,-2353637376.0,0.457,14.56,Utilities,Utilities - Regulated Electric,United States
WFC,273036886016.0,272575905792.0,83026001920.0,,0.37387002,478470012928.0,496412000256.0,,0.916,,Financial Services,Banks - Diversified,United States
WELL,169781182464.0,188826796032.0,12763214848.0,3340614912.0,0.16561002,19720804352.0,1965164032.0,2756164352.0,0.76,56.525,Real Estate,REIT - Healthcare Facilities,United States
WST,24366200832.0,24246900736.0,3326799872.0,912200000.0,0.22469,316500000.0,435800000.0,277937504.0,1.135,26.581,Healthcare,Medical Instruments & Supplies,United States
WDC,161226686464.0,160838696960.0,12919000064.0,5001999872.0,0.43608,1191000064.0,1579000064.0,2268750080.0,2.182,32.155,Technology,Computer Hardware,United States
WY,15899436032.0,20821436416.0,6851999744.0,688000000.0,0.080340005,5448999936.0,527000000.0,13625000.0,0.89,30.264,Real Estate,REIT - Specialty,United States
WSM,26645182464.0,27144192000.0,8005155840.0,1659699968.0,0.17272,1527945984.0,1028936000.0,1069320128.0,1.463,16.355,Consumer Cyclical,Specialty Retail,United States
WMB,89107750912.0,121910747136.0,12323000320.0,7032999936.0,0.39540002,30793000960.0,203000000.0,-1516749952.0,0.618,17.334,Energy,Oil & Gas Midstream,United States
WTW,29311309824.0,34833313792.0,10101999616.0,2816000000.0,0.17559,7101000192.0,1660999936.0,1415624960.0,0.417,12.37,Financial Services,Insurance Brokers,United Kingdom
WDAY,44753698816.0,45122699264.0,10154999808.0,1586000000.0,0.11816,3772000000.0,3403000064.0,3046374912.0,1.082,28.451,Technology,Software - Application,United States
WYNN,9030809600.0,18402672640.0,7413425152.0,1808924032.0,0.16537,12342463488.0,2100722944.0,476188864.0,0.991,10.173,Consumer Cyclical,Resorts & Casinos,United States
XEL,47159889920.0,86792888320.0,14616000512.0,6122999808.0,0.22700001,41650999296.0,2018000000.0,-7907999744.0,0.399,14.175,Utilities,Utilities - Regulated Electric,United States
XYL,24973750272.0,26997749760.0,9125999616.0,1978000000.0,0.16995001,3055000064.0,1276000000.0,1183750016.0,1.0,13.649,Industrials,Specialty Industrial Machinery,United States
YUM,38443573248.0,51174576128.0,8721999872.0,3068000000.0,0.32779998,13413999616.0,683000000.0,833249984.0,0.551,16.68,Consumer Cyclical,Restaurants,United States
ZBRA,16576235520.0,19381235712.0,5847000064.0,1184000000.0,0.21259001,2961999872.0,157000000.0,576750016.0,1.607,16.369,Technology,Communication Equipment,United States
ZBH,17832067072.0,24977967104.0,8508800000.0,2555000064.0,0.17959999,7601699840.0,464500000.0,1090899968.0,0.471,9.776,Healthcare,Medical Devices,United States
ZTS,30152927232.0,37731926016.0,9525000192.0,4065999872.0,0.40721,9255000064.0,1676000000.0,2016999936.0,0.729,9.28,Healthcare,Drug Manufacturers - Specialty & Generic,United States
